## Add by Jack.Tang 2014-10-29  结算规则添加“香港强积金提醒”
ALTER TABLE `hro_biz_client_order_header`
ADD COLUMN `noticeHKSB`  varchar(1000) NULL AFTER `noticeRetire`;

INSERT INTO `hro_def_column` (`columnId`, `accountId`, `corpId`, `tableId`, `nameDB`, `nameSys`, `nameZH`, `nameEN`, `groupId`, `isPrimaryKey`, `isForeignKey`, `isDBColumn`, `isRequired`, `displayType`, `columnIndex`, `inputType`, `valueType`, `optionType`, `optionValue`, `cssStyle`, `jsEvent`, `validateType`, `validateRequired`, `validateLength`, `validateRange`, `editable`, `useThinking`, `thinkingId`, `thinkingAction`, `useTitle`, `titleZH`, `titleEN`, `description`, `deleted`, `status`, `remark1`, `remark2`, `remark3`, `remark4`, `remark5`, `createBy`, `createDate`, `modifyBy`, `modifyDate`) VALUES ('7855', '1', NULL, '78', 'noticeHKSB', '香港强积金提醒', '香港强积金提醒', 'HK SB Notice', '7', '2', '2', '0', '2', '1', '27', '4', '2', '1', '166', NULL, NULL, '0', NULL, '0_0', '0_0', '1', '2', NULL, NULL, '0', NULL, NULL, NULL, '1', '1', NULL, NULL, NULL, NULL, NULL, '1', '2014-11-27 10:53:44', '1', '2014-11-27 10:53:44');

## Add by siuvan @2014-10-29
UPDATE hro_def_column SET jsEvent = NULL WHERE columnId IN(4014,4023);

## Add by siuvan @2014-10-31
INSERT INTO hro_sys_module VALUES( 1134, 'menu_attendance_Leave_Report', 1, '休假情况报表', 'Leave Details Report', '休假情况报表', 'Leave Details Report', 2, 'N/A', 10, 'HRO_BIZ_ATTENDANCE_LEAVE_REPORT', NULL, 'employeeContractLeaveReportAction.do?proc=list_object', 'employeeContractLeaveReportAction.do?proc=list_object', null, null, null, null, null, null, 549, 'menu_attendance_Modules', 'menu_attendance_Reports', 'menu_attendance_Leave_Report', 1134, '{2:5:28}', NULL, NULL, 1, 1, NULL, NULL, NULL, NULL, NULL, 1, NOW(), 1, NOW());

## Add by Jack.Tang 2014-11-03  自定义字段添加“是否支持导入”
ALTER TABLE `hro_def_column`
ADD COLUMN `canImport`  tinyint(4) NULL AFTER `description`;

## Add by Jack.Tang 2014-11-04  修改数据库原有自定义字段（属 数据库字段）为可导入
UPDATE hro_def_column SET canImport = '1' WHERE isDBColumn = '1';
UPDATE hro_def_column SET canImport = '1' WHERE isDBColumn = '1';

## Add by siuvan @2014-11-10
INSERT INTO hro_sys_module VALUES( 1135, 'menu_biz_Employee_New_Report', 1, '新入职雇员报表', 'New Employee Report', '新入职员工报表', 'New Employee Report', 2, 'N/A', 9, 'HRO_BIZ_EMPLOYEE_NEW_REPORT', NULL, 'employeeReportAction.do?proc=list_object&rt=new', 'employeeReportAction.do?proc=list_object&rt=new', null, null, null, null, null, null, 499, 'menu_employee_Modules', 'menu_employee_Reports', 'menu_biz_Employee_New_Report', 1135, '{2:5:28}', NULL, NULL, 1, 1, NULL, NULL, NULL, NULL, NULL, 1, NOW(), 1, NOW());
INSERT INTO hro_sys_module VALUES( 1136, 'menu_salary_Payment_AVG_Report', 1, '平均工资报表', 'AVG Payment Report', '平均工资报表', 'AVG Payment Report', 2, 'N/A', 14, 'HRO_SALARY_PAYMENT_AVG_REPORT', NULL, 'paymentReportAction.do?proc=list_object', 'paymentReportAction.do?proc=list_object', null, null, null, null, null, null, 749, 'menu_salary_Modules', 'menu_salary_Reports', 'menu_salary_Payment_AVG_Report', 1136, '{2:5:28}', NULL, NULL, 1, 1, NULL, NULL, NULL, NULL, NULL, 1, NOW(), 1, NOW());
INSERT INTO hro_sys_module VALUES( 1137, 'menu_attendance_AVG_Report', 1, '平均出勤天数报表', 'AVG Attendance Days Report', '平均出勤天数报表', 'AVG Attendance Days Report', 2, 'N/A', 10, 'HRO_BIZ_ATTENDANCE_AVG_REPORT', NULL, 'timesheetReportExportAction.do?proc=list_object_avg_report', 'timesheetReportExportAction.do?proc=list_object_avg_report', null, null, null, null, null, null, 549, 'menu_attendance_Modules', 'menu_attendance_Reports', 'menu_attendance_AVG_Report', 1137, '{2:5:28}', NULL, NULL, 1, 1, NULL, NULL, NULL, NULL, NULL, 1, NOW(), 1, NOW());
INSERT INTO hro_sys_module VALUES( 1138, 'menu_biz_Employee_Dimission_Report', 1, '离职雇员报表', 'Dimission Employee Report', '离职员工报表', 'Dimission Employee Report', 2, 'N/A', 9, 'HRO_BIZ_EMPLOYEE_DIMISSION_REPORT', NULL, 'employeeReportAction.do?proc=list_object&rt=dimission', 'employeeReportAction.do?proc=list_object&rt=dimission', null, null, null, null, null, null, 499, 'menu_employee_Modules', 'menu_employee_Reports', 'menu_biz_Employee_Dimission_Report', 1138, '{2:5:28}', NULL, NULL, 1, 1, NULL, NULL, NULL, NULL, NULL, 1, NOW(), 1, NOW());
INSERT INTO hro_sys_module VALUES( 1139, 'menu_biz_Employee_Full_Report', 1, '雇员完整信息报表', 'Full Employee Info Report', '员工完整信息报表', 'Full Employee Info Report', 2, 'N/A', 9, 'HRO_BIZ_EMPLOYEE_FULL_REPORT', NULL, 'employeeReportAction.do?proc=list_object&rt=full', 'employeeReportAction.do?proc=list_object&rt=full', null, null, null, null, null, null, 499, 'menu_employee_Modules', 'menu_employee_Reports', 'menu_biz_Employee_Full_Report', 1139, '{2:5:28}', NULL, NULL, 1, 1, NULL, NULL, NULL, NULL, NULL, 1, NOW(), 1, NOW());

## Add by siuvan @2014-11-12
ALTER TABLE `hro_biz_employee`
ADD COLUMN `_tempParentPositionOwners`  varchar(200) NULL AFTER `_tempParentPositionIds`,
ADD COLUMN `_tempParentPositionBranchIds`  varchar(200) NULL AFTER `_tempParentPositionOwners`,
ADD COLUMN `_tempPositionLocationIds`  varchar(200) NULL AFTER `_tempParentPositionBranchIds`;

INSERT INTO `hro_def_column` VALUES (11245, 1, NULL, 69, '_tempParentPositionOwners', '上级职位所属人', '上级职位所属人', 'Direct Reporting Manager', 0, 0, 0, 1, 2, 2, 100, 1, 2, 0, NULL, '', '', '0', NULL, '0_0', '0_0', 1, 2, '', '', 0, '', '', '', 2, 1, 1, NULL, NULL, NULL, NULL, NULL, '1', '2014-11-12 15:03:01', '1', '2014-11-12 15:03:01');
INSERT INTO `hro_def_column` VALUES (11247, 1, NULL, 69, '_tempParentPositionBranchIds', '上级职位部门名称', '上级职位部门名称', 'Parent Dept', 0, 0, 0, 1, 2, 2, 100, 1, 2, 0, NULL, '', '', '0', NULL, '0_0', '0_0', 1, 2, '', '', 0, '', '', '', 2, 1, 1, NULL, NULL, NULL, NULL, NULL, '1', '2014-11-12 15:05:56', '1', '2014-11-12 15:05:56');
INSERT INTO `hro_def_column` VALUES (11249, 1, NULL, 69, '_tempPositionLocationIds', ' 办公地址', ' 办公地址', 'Office Address', 0, 0, 0, 1, 2, 2, 100, 1, 2, 0, NULL, '', '', '0', NULL, '0_0', '0_0', 1, 2, '', '', 0, '', '', '', 2, 1, 1, NULL, NULL, NULL, NULL, NULL, '1', '2014-11-12 15:07:12', '1', '2014-11-12 15:07:12');

## Add by Jack.Tang 2014-11-12  劳动合同添加离职原因
ALTER TABLE `hro_biz_employee_contract`
ADD COLUMN `leaveReasons`  varchar(1000) NULL AFTER `resignDate`;


## 工资报表（含强基金）如果主键冲突找siuvan 2014-11-20
## Module
INSERT INTO `hro_sys_module` VALUES (1141, 'menu_salary_Payslip_Report_IClick', 1, '工资报表（含强基金）', 'Payslip Report(Contains MPF)', '工资报表（含强基金）', 'Payslip Report(Contains MPF)', 2, 'N/A', 14, 'JAVA_OBJECT_PAYSLIP_REPORT_ICLICK', NULL, 'payslipViewAction.do?proc=list_object_report_iClick', 'payslipViewAction.do?proc=list_object_report_iClick', '', '', '', '', '', '', 749, 'menu_salary_Modules', 'menu_salary_Reports', 'menu_salary_Payslip_Report_IClick', 1141, '{2:5:28}', '', '', 1, 1, NULL, NULL, NULL, NULL, NULL, '1', '2014-6-16 11:52:36', '1', '2014-6-16 12:44:41');

## Search
INSERT INTO `hro_def_search_header` VALUES (50513, 100017, 300115, 0, 1, 'com.kan.hro.domain.biz.payment.PayslipDTO.Report-MPF', '工资单报表', 'Payslip Report', NULL, NULL, 1, 1, NULL, NULL, NULL, NULL, NULL, '251', '2014-10-24 08:52:57', '251', '2014-10-24 08:52:57');

INSERT INTO `hro_def_search_detail` VALUES (506119, 50513, NULL, 'employeeId', '员工ID', 'Staff ID', 1, 13, 2, NULL, 0, NULL, NULL, 1, NULL, 1, 1, NULL, NULL, NULL, NULL, NULL, '251', '2014-10-24 08:52:57', '251', '2014-10-24 08:52:57');
INSERT INTO `hro_def_search_detail` VALUES (506121, 50513, NULL, 'employeeNameZH', '员工姓名（中文）', 'Staff Name(ZH)', 2, 13, 2, NULL, 0, NULL, NULL, 1, NULL, 1, 1, NULL, NULL, NULL, NULL, NULL, '251', '2014-10-24 08:52:57', '251', '2014-10-24 08:52:57');
INSERT INTO `hro_def_search_detail` VALUES (506123, 50513, NULL, 'employeeNameEN', '员工姓名（英文）', 'Staff Name(EN)', 3, 13, 2, NULL, 0, NULL, NULL, 1, NULL, 1, 1, NULL, NULL, NULL, NULL, NULL, '251', '2014-10-24 08:52:57', '251', '2014-10-24 08:52:57');

## List
INSERT INTO `hro_def_list_header` VALUES (50655, 100017, 300115, 0, 1, 'com.kan.hro.domain.biz.payment.PayslipDTO.Report-MPF', 0, 50513, '工资报表（含强基金）', 'Payslip Report(Contains MPF)', 10, 0, 1, 2, 1, 'payslip', 1, 1, NULL, NULL, NULL, NULL, NULL, '251', '2014-10-24 08:52:57', '251', '2014-10-24 08:52:57');
INSERT INTO `hro_def_list_header` VALUES (50657, 100017, 300115, 50655, 1, 'com.kan.hro.domain.biz.payment.PayslipDTO.Report-MPF', 0, 0, '工资报表（含强基金） - 明细', 'Payslip Report(Contains MPF) - Detail', 10, 0, 1, 2, 0, NULL, 1, 1, NULL, NULL, NULL, NULL, NULL, '251', '2014-10-24 08:52:57', '251', '2014-10-24 08:52:57');

INSERT INTO `hro_def_list_detail` VALUES (72609, 50655, NULL, 'employeeId', '员工ID', 'Staff Id', '80', 2, 1, 13, 2, 2, NULL, 0, NULL, NULL, '0', 0, '1', 0, 1, 1, NULL, 1, 1, NULL, NULL, NULL, NULL, NULL, '251', '2014-10-24 08:52:57', '251', '2014-10-24 08:52:57');
INSERT INTO `hro_def_list_detail` VALUES (72611, 50655, NULL, 'employeeNameZH', '员工姓名（中文）', 'Staff Name( CH )', '100', 2, 2, 13, 2, 2, NULL, 0, NULL, NULL, '0', 0, '1', 0, 1, 1, NULL, 1, 1, NULL, NULL, NULL, NULL, NULL, '251', '2014-10-24 08:52:57', '251', '2014-10-24 08:52:57');
INSERT INTO `hro_def_list_detail` VALUES (72613, 50655, NULL, 'employeeNameEN', '员工姓名（英文）', 'Staff Name( EN )', '100', 2, 3, 13, 2, 2, NULL, 0, NULL, NULL, '0', 0, '1', 0, 1, 1, NULL, 1, 1, NULL, NULL, NULL, NULL, NULL, '251', '2014-10-24 08:52:57', '251', '2014-10-24 08:52:57');
INSERT INTO `hro_def_list_detail` VALUES (72615, 50655, NULL, 'certificateNumber', '证件号码', 'ID Number', '150', 2, 4, 13, 2, 2, NULL, 0, NULL, NULL, '0', 0, '1', 0, 1, 1, NULL, 1, 1, NULL, NULL, NULL, NULL, NULL, '251', '2014-10-24 08:52:57', '251', '2014-10-24 08:52:57');
INSERT INTO `hro_def_list_detail` VALUES (72617, 50655, NULL, 'bankName', '银行名称', 'Bank Name', '150', 2, 5, 13, 2, 2, NULL, 0, NULL, NULL, '0', 0, '1', 0, 2, 1, NULL, 1, 1, NULL, NULL, NULL, NULL, NULL, '251', '2014-10-24 08:52:57', '251', '2014-10-24 08:52:57');
INSERT INTO `hro_def_list_detail` VALUES (72619, 50655, NULL, 'bankAccount', '银行账户', 'Bank Account', '150', 2, 6, 13, 2, 2, NULL, 0, NULL, NULL, '0', 0, '1', 0, 1, 1, NULL, 1, 1, NULL, NULL, NULL, NULL, NULL, '251', '2014-10-24 08:52:57', '251', '2014-10-24 08:52:57');
INSERT INTO `hro_def_list_detail` VALUES (72621, 50655, NULL, 'monthly', '薪酬月份', 'Pay Monthly', '60', 2, 7, 13, 2, 2, NULL, 0, NULL, NULL, '0', 0, '1', 0, 1, 1, NULL, 1, 1, NULL, NULL, NULL, NULL, NULL, '251', '2014-10-24 08:52:57', '251', '2014-10-24 08:52:57');
INSERT INTO `hro_def_list_detail` VALUES (72623, 50655, NULL, 'orderId', '结算规则ID', 'Order ID', '80', 2, 8, 13, 2, 2, NULL, 0, NULL, NULL, '0', 0, '1', 0, 1, 1, NULL, 1, 1, NULL, NULL, NULL, NULL, NULL, '251', '2014-10-24 08:52:57', '251', '2014-10-24 08:52:57');
INSERT INTO `hro_def_list_detail` VALUES (72625, 50655, NULL, 'tempBranchIds', '工作部门', 'Work Branch', '100', 2, 9, 13, 1, 2, NULL, 0, NULL, NULL, '0', 0, '1', 0, 2, 1, NULL, 1, 1, NULL, NULL, NULL, NULL, NULL, '251', '2014-10-24 08:52:57', '251', '2014-10-24 08:52:57');
INSERT INTO `hro_def_list_detail` VALUES (72627, 50655, NULL, 'tempPositionIds', '职位名称', 'Position Name', '100', 2, 10, 13, 1, 2, NULL, 0, NULL, NULL, '0', 0, '1', 0, 2, 1, NULL, 1, 1, NULL, NULL, NULL, NULL, NULL, '251', '2014-10-24 08:52:57', '251', '2014-10-24 08:52:57');
INSERT INTO `hro_def_list_detail` VALUES (72629, 50655, NULL, 'tempParentBranchIds', '上级部门', 'Parent Branch', '100', 2, 11, 13, 1, 2, NULL, 0, NULL, NULL, '0', 0, '1', 0, 2, 1, NULL, 1, 1, NULL, NULL, NULL, NULL, NULL, '251', '2014-10-24 08:52:57', '251', '2014-10-24 08:52:57');
INSERT INTO `hro_def_list_detail` VALUES (72631, 50655, NULL, 'contractId', '劳动合同ID', 'Contract ID', '80', 2, 12, 13, 2, 2, NULL, 0, NULL, NULL, '0', 0, '1', 0, 1, 1, NULL, 1, 1, NULL, NULL, NULL, NULL, NULL, '251', '2014-10-24 08:52:57', '251', '2014-10-24 08:52:57');
INSERT INTO `hro_def_list_detail` VALUES (72633, 50655, NULL, 'beforeTaxSalary', '应发工资', 'Accrued Wages', '150', 2, 99, 13, 2, 2, NULL, 0, NULL, NULL, '0', 0, '3', 0, 2, 1, NULL, 1, 1, NULL, NULL, NULL, NULL, NULL, '251', '2014-10-24 08:52:57', '251', '2014-10-24 08:52:57');
INSERT INTO `hro_def_list_detail` VALUES (72635, 50655, NULL, 'taxAmountPersonal', '个税', 'Personal Income Tax', '150', 2, 99, 13, 2, 2, NULL, 0, NULL, NULL, '0', 0, '3', 0, 2, 1, NULL, 1, 1, NULL, NULL, NULL, NULL, NULL, '251', '2014-10-24 08:52:57', '251', '2014-10-24 08:52:57');
INSERT INTO `hro_def_list_detail` VALUES (72637, 50655, NULL, 'iClickAfterTaxSalary', '实发工资', 'Real Wages', '100', 2, 99, 13, 2, 2, '', 0, '', '', '0', 0, '3', 0, 2, 1, '', 1, 1, NULL, NULL, NULL, NULL, NULL, '251', '2014-10-24 08:52:57', '251', '2014-11-17 18:08:49');
INSERT INTO `hro_def_list_detail` VALUES (72639, 50655, NULL, 'status', '状态', 'Status', '60', 2, 99, 13, 1, 2, NULL, 0, NULL, NULL, '0', 0, '1', 0, 1, 1, NULL, 1, 1, NULL, NULL, NULL, NULL, NULL, '251', '2014-10-24 08:52:57', '251', '2014-10-24 08:52:57');
INSERT INTO `hro_def_list_detail` VALUES (72641, 50655, NULL, 'entity', '法务实体', 'Entity', '100', 2, 8, 13, 1, 2, NULL, 0, NULL, NULL, '0', 0, '1', 0, 1, 1, NULL, 1, 1, NULL, NULL, NULL, NULL, NULL, '251', '2014-10-24 08:52:57', '251', '2014-10-24 08:52:57');
INSERT INTO `hro_def_list_detail` VALUES (72643, 50655, NULL, 'MPFCompany', '强基金-公司', ' EE MPF - M ', '', 1, 99, 13, 2, 2, '', 0, '', '', '0', 0, '1', 0, 1, 1, '', 1, 1, NULL, NULL, NULL, NULL, NULL, '251', '2014-11-17 18:06:36', '251', '2014-11-17 18:06:36');
INSERT INTO `hro_def_list_detail` VALUES (72645, 50655, NULL, 'MPFPersonal', '强基金-个人', ' EE MPF - V ', '', 1, 99, 13, 2, 2, '', 0, '', '', '0', 0, '1', 0, 1, 1, '', 1, 1, NULL, NULL, NULL, NULL, NULL, '251', '2014-11-17 18:08:10', '251', '2014-11-17 18:08:10');

INSERT INTO `hro_def_list_detail` VALUES (72647, 50657, NULL, 'item_1', '基本工资', 'Base Salary', '100', 2, 50, 13, 2, 2, NULL, 0, NULL, NULL, '0', 0, '3', 0, 2, 1, NULL, 1, 1, NULL, NULL, NULL, NULL, NULL, '251', '2014-10-24 08:52:57', '251', '2014-10-24 08:52:57');
INSERT INTO `hro_def_list_detail` VALUES (72649, 50657, NULL, 'item_2', '工资调整', 'Salary Adjustment', '100', 2, 50, 13, 2, 2, NULL, 0, NULL, NULL, '0', 0, '3', 0, 2, 1, NULL, 1, 1, NULL, NULL, NULL, NULL, NULL, '251', '2014-10-24 08:52:57', '251', '2014-10-24 08:52:57');
INSERT INTO `hro_def_list_detail` VALUES (72651, 50657, NULL, 'item_4', '其它扣款', 'Other Withhold', '100', 2, 50, 13, 2, 2, NULL, 0, NULL, NULL, '0', 0, '3', 0, 2, 1, NULL, 1, 1, NULL, NULL, NULL, NULL, NULL, '251', '2014-10-24 08:52:57', '251', '2014-10-24 08:52:57');
INSERT INTO `hro_def_list_detail` VALUES (72653, 50657, NULL, 'item_5', '个税', 'Income Tax', '100', 2, 50, 13, 2, 2, NULL, 0, NULL, NULL, '0', 0, '3', 0, 2, 1, NULL, 1, 1, NULL, NULL, NULL, NULL, NULL, '251', '2014-10-24 08:52:57', '251', '2014-10-24 08:52:57');
INSERT INTO `hro_def_list_detail` VALUES (72655, 50657, NULL, 'item_6', '岗位津贴', 'Position Allowance', '100', 2, 50, 13, 2, 2, NULL, 0, NULL, NULL, '0', 0, '3', 0, 2, 1, NULL, 1, 1, NULL, NULL, NULL, NULL, NULL, '251', '2014-10-24 08:52:57', '251', '2014-10-24 08:52:57');
INSERT INTO `hro_def_list_detail` VALUES (72657, 50657, NULL, 'item_7', '高温津贴', 'High Temperature Allowance', '100', 2, 50, 13, 2, 2, NULL, 0, NULL, NULL, '0', 0, '3', 0, 2, 1, NULL, 1, 1, NULL, NULL, NULL, NULL, NULL, '251', '2014-10-24 08:52:57', '251', '2014-10-24 08:52:57');
INSERT INTO `hro_def_list_detail` VALUES (72659, 50657, NULL, 'item_8', '驻外津贴', 'Travel Allowance', '100', 2, 50, 13, 2, 2, NULL, 0, NULL, NULL, '0', 0, '3', 0, 2, 1, NULL, 1, 1, NULL, NULL, NULL, NULL, NULL, '251', '2014-10-24 08:52:57', '251', '2014-10-24 08:52:57');
INSERT INTO `hro_def_list_detail` VALUES (72661, 50657, NULL, 'item_9', '其他津贴', 'Other Allowance', '100', 2, 50, 13, 2, 2, NULL, 0, NULL, NULL, '0', 0, '3', 0, 2, 1, NULL, 1, 1, NULL, NULL, NULL, NULL, NULL, '251', '2014-10-24 08:52:57', '251', '2014-10-24 08:52:57');
INSERT INTO `hro_def_list_detail` VALUES (72663, 50657, NULL, 'item_10', '夜班补贴', 'Night Shift Subsidy', '100', 2, 50, 13, 2, 2, NULL, 0, NULL, NULL, '0', 0, '3', 0, 2, 1, NULL, 1, 1, NULL, NULL, NULL, NULL, NULL, '251', '2014-10-24 08:52:57', '251', '2014-10-24 08:52:57');
INSERT INTO `hro_def_list_detail` VALUES (72665, 50657, NULL, 'item_11', '交通补贴', 'Transportation Subsidy', '100', 2, 50, 13, 2, 2, NULL, 0, NULL, NULL, '0', 0, '3', 0, 2, 1, NULL, 1, 1, NULL, NULL, NULL, NULL, NULL, '251', '2014-10-24 08:52:57', '251', '2014-10-24 08:52:57');
INSERT INTO `hro_def_list_detail` VALUES (72667, 50657, NULL, 'item_12', '用餐补贴', 'Meat Subsidy', '100', 2, 50, 13, 2, 2, NULL, 0, NULL, NULL, '0', 0, '3', 0, 2, 1, NULL, 1, 1, NULL, NULL, NULL, NULL, NULL, '251', '2014-10-24 08:52:57', '251', '2014-10-24 08:52:57');
INSERT INTO `hro_def_list_detail` VALUES (72669, 50657, NULL, 'item_13', '其他补贴', 'Other Subsidy', '100', 2, 50, 13, 2, 2, NULL, 0, NULL, NULL, '0', 0, '3', 0, 2, 1, NULL, 1, 1, NULL, NULL, NULL, NULL, NULL, '251', '2014-10-24 08:52:57', '251', '2014-10-24 08:52:57');
INSERT INTO `hro_def_list_detail` VALUES (72671, 50657, NULL, 'item_14', '福利费', 'Welfare', '100', 2, 50, 13, 2, 2, NULL, 0, NULL, NULL, '0', 0, '3', 0, 2, 1, NULL, 1, 1, NULL, NULL, NULL, NULL, NULL, '251', '2014-10-24 08:52:57', '251', '2014-10-24 08:52:57');
INSERT INTO `hro_def_list_detail` VALUES (72673, 50657, NULL, 'item_15', '绩效', 'Performance', '100', 2, 50, 13, 2, 2, NULL, 0, NULL, NULL, '0', 0, '3', 0, 2, 1, NULL, 1, 1, NULL, NULL, NULL, NULL, NULL, '251', '2014-10-24 08:52:57', '251', '2014-10-24 08:52:57');
INSERT INTO `hro_def_list_detail` VALUES (72675, 50657, NULL, 'item_16', '奖金', 'Bonus', '100', 2, 50, 13, 2, 2, NULL, 0, NULL, NULL, '0', 0, '3', 0, 2, 1, NULL, 1, 1, NULL, NULL, NULL, NULL, NULL, '251', '2014-10-24 08:52:57', '251', '2014-10-24 08:52:57');
INSERT INTO `hro_def_list_detail` VALUES (72677, 50657, NULL, 'item_17', '佣金', 'Commission', '100', 2, 50, 13, 2, 2, NULL, 0, NULL, NULL, '0', 0, '3', 0, 2, 1, NULL, 1, 1, NULL, NULL, NULL, NULL, NULL, '251', '2014-10-24 08:52:57', '251', '2014-10-24 08:52:57');
INSERT INTO `hro_def_list_detail` VALUES (72679, 50657, NULL, 'item_18', '年终奖', 'Annual Bonus', '100', 2, 50, 13, 2, 2, NULL, 0, NULL, NULL, '0', 0, '3', 0, 2, 1, NULL, 1, 1, NULL, NULL, NULL, NULL, NULL, '251', '2014-10-24 08:52:57', '251', '2014-10-24 08:52:57');
INSERT INTO `hro_def_list_detail` VALUES (72681, 50657, NULL, 'item_21', '加班 1.0', 'OT 1.0', '100', 2, 50, 13, 2, 2, NULL, 0, NULL, NULL, '0', 0, '3', 0, 2, 1, NULL, 1, 1, NULL, NULL, NULL, NULL, NULL, '251', '2014-10-24 08:52:57', '251', '2014-10-24 08:52:57');
INSERT INTO `hro_def_list_detail` VALUES (72683, 50657, NULL, 'item_22', '加班 1.5', 'OT 1.5', '100', 2, 50, 13, 2, 2, NULL, 0, NULL, NULL, '0', 0, '3', 0, 2, 1, NULL, 1, 1, NULL, NULL, NULL, NULL, NULL, '251', '2014-10-24 08:52:57', '251', '2014-10-24 08:52:57');
INSERT INTO `hro_def_list_detail` VALUES (72685, 50657, NULL, 'item_23', '加班 2.0', 'OT 2.0', '100', 2, 50, 13, 2, 2, NULL, 0, NULL, NULL, '0', 0, '3', 0, 2, 1, NULL, 1, 1, NULL, NULL, NULL, NULL, NULL, '251', '2014-10-24 08:52:57', '251', '2014-10-24 08:52:57');
INSERT INTO `hro_def_list_detail` VALUES (72687, 50657, NULL, 'item_24', '加班 3.0', 'OT 3.0', '100', 2, 50, 13, 2, 2, NULL, 0, NULL, NULL, '0', 0, '3', 0, 2, 1, NULL, 1, 1, NULL, NULL, NULL, NULL, NULL, '251', '2014-10-24 08:52:57', '251', '2014-10-24 08:52:57');
INSERT INTO `hro_def_list_detail` VALUES (72689, 50657, NULL, 'item_25', '加班换休', 'OT Shift', '100', 2, 50, 13, 2, 2, NULL, 0, NULL, NULL, '0', 0, '3', 0, 2, 1, NULL, 1, 1, NULL, NULL, NULL, NULL, NULL, '251', '2014-10-24 08:52:57', '251', '2014-10-24 08:52:57');
INSERT INTO `hro_def_list_detail` VALUES (72691, 50657, NULL, 'item_26', '其他加班', 'OT Other', '100', 2, 50, 13, 2, 2, NULL, 0, NULL, NULL, '0', 0, '3', 0, 2, 1, NULL, 1, 1, NULL, NULL, NULL, NULL, NULL, '251', '2014-10-24 08:52:57', '251', '2014-10-24 08:52:57');
INSERT INTO `hro_def_list_detail` VALUES (72693, 50657, NULL, 'item_31', '报销', 'Reimbursement', '100', 2, 50, 13, 2, 2, NULL, 0, NULL, NULL, '0', 0, '3', 0, 2, 1, NULL, 1, 1, NULL, NULL, NULL, NULL, NULL, '251', '2014-10-24 08:52:57', '251', '2014-10-24 08:52:57');
INSERT INTO `hro_def_list_detail` VALUES (72695, 50657, NULL, 'item_32', '报销 - 交际费', 'Reimbursement - Entertainment', '100', 2, 50, 13, 2, 2, NULL, 0, NULL, NULL, '0', 0, '3', 0, 2, 1, NULL, 1, 1, NULL, NULL, NULL, NULL, NULL, '251', '2014-10-24 08:52:57', '251', '2014-10-24 08:52:57');
INSERT INTO `hro_def_list_detail` VALUES (72697, 50657, NULL, 'item_33', '报销 - 加班', 'Reimbursement - OT', '100', 2, 50, 13, 2, 2, NULL, 0, NULL, NULL, '0', 0, '3', 0, 2, 1, NULL, 1, 1, NULL, NULL, NULL, NULL, NULL, '251', '2014-10-24 08:52:57', '251', '2014-10-24 08:52:57');
INSERT INTO `hro_def_list_detail` VALUES (72699, 50657, NULL, 'item_41', '年假', 'Annual Leave', '100', 2, 50, 13, 2, 2, NULL, 0, NULL, NULL, '0', 0, '3', 0, 2, 1, NULL, 1, 1, NULL, NULL, NULL, NULL, NULL, '251', '2014-10-24 08:52:57', '251', '2014-10-24 08:52:57');
INSERT INTO `hro_def_list_detail` VALUES (72701, 50657, NULL, 'item_42', '病假 - 全薪', 'Sick Leave', '100', 2, 50, 13, 2, 2, NULL, 0, NULL, NULL, '0', 0, '3', 0, 2, 1, NULL, 1, 1, NULL, NULL, NULL, NULL, NULL, '251', '2014-10-24 08:52:57', '251', '2014-10-24 08:52:57');
INSERT INTO `hro_def_list_detail` VALUES (72703, 50657, NULL, 'item_43', '病假 - 非全薪（70%）', 'Sick Leave - 70%', '100', 2, 50, 13, 2, 2, NULL, 0, NULL, NULL, '0', 0, '3', 0, 2, 1, NULL, 1, 1, NULL, NULL, NULL, NULL, NULL, '251', '2014-10-24 08:52:57', '251', '2014-10-24 08:52:57');
INSERT INTO `hro_def_list_detail` VALUES (72705, 50657, NULL, 'item_44', '事假', 'Absence', '100', 2, 50, 13, 2, 2, NULL, 0, NULL, NULL, '0', 0, '3', 0, 2, 1, NULL, 1, 1, NULL, NULL, NULL, NULL, NULL, '251', '2014-10-24 08:52:57', '251', '2014-10-24 08:52:57');
INSERT INTO `hro_def_list_detail` VALUES (72707, 50657, NULL, 'item_45', '产假', 'Maternity Leave', '100', 2, 50, 13, 2, 2, NULL, 0, NULL, NULL, '0', 0, '3', 0, 2, 1, NULL, 1, 1, NULL, NULL, NULL, NULL, NULL, '251', '2014-10-24 08:52:57', '251', '2014-10-24 08:52:57');
INSERT INTO `hro_def_list_detail` VALUES (72709, 50657, NULL, 'item_46', '护理假', 'Nursing Leave', '100', 2, 50, 13, 2, 2, NULL, 0, NULL, NULL, '0', 0, '3', 0, 2, 1, NULL, 1, 1, NULL, NULL, NULL, NULL, NULL, '251', '2014-10-24 08:52:57', '251', '2014-10-24 08:52:57');
INSERT INTO `hro_def_list_detail` VALUES (72711, 50657, NULL, 'item_47', '丧假', 'Bereft Leave', '100', 2, 50, 13, 2, 2, NULL, 0, NULL, NULL, '0', 0, '3', 0, 2, 1, NULL, 1, 1, NULL, NULL, NULL, NULL, NULL, '251', '2014-10-24 08:52:57', '251', '2014-10-24 08:52:57');
INSERT INTO `hro_def_list_detail` VALUES (72713, 50657, NULL, 'item_61_c', '养老保险-公司', 'Endowment - Company', '150', 2, 50, 13, 2, 2, NULL, 0, NULL, NULL, '0', 0, '3', 0, 2, 1, NULL, 1, 1, NULL, NULL, NULL, NULL, NULL, '251', '2014-10-24 08:52:57', '251', '2014-10-24 08:52:57');
INSERT INTO `hro_def_list_detail` VALUES (72715, 50657, NULL, 'item_62_c', '医疗保险-公司', 'Medical - Company', '150', 2, 50, 13, 2, 2, NULL, 0, NULL, NULL, '0', 0, '3', 0, 2, 1, NULL, 1, 1, NULL, NULL, NULL, NULL, NULL, '251', '2014-10-24 08:52:57', '251', '2014-10-24 08:52:57');
INSERT INTO `hro_def_list_detail` VALUES (72717, 50657, NULL, 'item_63_c', '失业保险-公司', 'Unemployment - Company', '150', 2, 50, 13, 2, 2, NULL, 0, NULL, NULL, '0', 0, '3', 0, 2, 1, NULL, 1, 1, NULL, NULL, NULL, NULL, NULL, '251', '2014-10-24 08:52:57', '251', '2014-10-24 08:52:57');
INSERT INTO `hro_def_list_detail` VALUES (72719, 50657, NULL, 'item_64_c', '工伤保险-公司', 'Injury - Company', '150', 2, 50, 13, 2, 2, NULL, 0, NULL, NULL, '0', 0, '3', 0, 2, 1, NULL, 1, 1, NULL, NULL, NULL, NULL, NULL, '251', '2014-10-24 08:52:57', '251', '2014-10-24 08:52:57');
INSERT INTO `hro_def_list_detail` VALUES (72721, 50657, NULL, 'item_65_c', '生育保险-公司', 'Maternity - Company', '150', 2, 50, 13, 2, 2, NULL, 0, NULL, NULL, '0', 0, '3', 0, 2, 1, NULL, 1, 1, NULL, NULL, NULL, NULL, NULL, '251', '2014-10-24 08:52:57', '251', '2014-10-24 08:52:57');
INSERT INTO `hro_def_list_detail` VALUES (72723, 50657, NULL, 'item_66_c', '残疾人保障金-公司', 'Disable - Company', '150', 2, 50, 13, 2, 2, NULL, 0, NULL, NULL, '0', 0, '3', 0, 2, 1, NULL, 1, 1, NULL, NULL, NULL, NULL, NULL, '251', '2014-10-24 08:52:57', '251', '2014-10-24 08:52:57');
INSERT INTO `hro_def_list_detail` VALUES (72725, 50657, NULL, 'item_67_c', '住房公积金-公司', 'Housing - Company', '150', 2, 50, 13, 2, 2, NULL, 0, NULL, NULL, '0', 0, '3', 0, 2, 1, NULL, 1, 1, NULL, NULL, NULL, NULL, NULL, '251', '2014-10-24 08:52:57', '251', '2014-10-24 08:52:57');
INSERT INTO `hro_def_list_detail` VALUES (72727, 50657, NULL, 'item_68_c', '取暖费-公司', 'Warming - Company', '150', 2, 50, 13, 2, 2, NULL, 0, NULL, NULL, '0', 0, '3', 0, 2, 1, NULL, 1, 1, NULL, NULL, NULL, NULL, NULL, '251', '2014-10-24 08:52:57', '251', '2014-10-24 08:52:57');
INSERT INTO `hro_def_list_detail` VALUES (72729, 50657, NULL, 'item_69_c', '调配费-公司', 'Allocation - Company', '150', 2, 50, 13, 2, 2, NULL, 0, NULL, NULL, '0', 0, '3', 0, 2, 1, NULL, 1, 1, NULL, NULL, NULL, NULL, NULL, '251', '2014-10-24 08:52:57', '251', '2014-10-24 08:52:57');
INSERT INTO `hro_def_list_detail` VALUES (72731, 50657, NULL, 'item_70_c', '档案管理费-公司', 'Archive - Company', '150', 2, 50, 13, 2, 2, NULL, 0, NULL, NULL, '0', 0, '3', 0, 2, 1, NULL, 1, 1, NULL, NULL, NULL, NULL, NULL, '251', '2014-10-24 08:52:57', '251', '2014-10-24 08:52:57');
INSERT INTO `hro_def_list_detail` VALUES (72733, 50657, NULL, 'item_71_c', '住院医疗保险-公司', 'Zhuyuan Yiliao - Company', '150', 2, 50, 13, 2, 2, NULL, 0, NULL, NULL, '0', 0, '3', 0, 2, 1, NULL, 1, 1, NULL, NULL, NULL, NULL, NULL, '251', '2014-10-24 08:52:57', '251', '2014-10-24 08:52:57');
INSERT INTO `hro_def_list_detail` VALUES (72735, 50657, NULL, 'item_72_c', '补充医疗保险-公司', 'Buchong Yiliao - Company', '150', 2, 50, 13, 2, 2, NULL, 0, NULL, NULL, '0', 0, '3', 0, 2, 1, NULL, 1, 1, NULL, NULL, NULL, NULL, NULL, '251', '2014-10-24 08:52:57', '251', '2014-10-24 08:52:57');
INSERT INTO `hro_def_list_detail` VALUES (72737, 50657, NULL, 'item_73_c', '大病医疗保险-公司', 'Dabing Yiliao - Company', '150', 2, 50, 13, 2, 2, NULL, 0, NULL, NULL, '0', 0, '3', 0, 2, 1, NULL, 1, 1, NULL, NULL, NULL, NULL, NULL, '251', '2014-10-24 08:52:57', '251', '2014-10-24 08:52:57');
INSERT INTO `hro_def_list_detail` VALUES (72739, 50657, NULL, 'item_74_c', '异地农村医保-公司', 'Yidi Nongcun - Company', '150', 2, 50, 13, 2, 2, NULL, 0, NULL, NULL, '0', 0, '3', 0, 2, 1, NULL, 1, 1, NULL, NULL, NULL, NULL, NULL, '251', '2014-10-24 08:52:57', '251', '2014-10-24 08:52:57');
INSERT INTO `hro_def_list_detail` VALUES (72741, 50657, NULL, 'item_75_c', '医疗共济金-公司', 'Medical Aid Funding - Company', '150', 2, 50, 13, 2, 2, NULL, 0, NULL, NULL, '0', 0, '3', 0, 2, 1, NULL, 1, 1, NULL, NULL, NULL, NULL, NULL, '251', '2014-10-24 08:52:57', '251', '2014-10-24 08:52:57');
INSERT INTO `hro_def_list_detail` VALUES (72743, 50657, NULL, 'item_61_p', '养老保险-个人', 'Endowment - Personal', '150', 2, 50, 13, 2, 2, NULL, 0, NULL, NULL, '0', 0, '3', 0, 2, 1, NULL, 1, 1, NULL, NULL, NULL, NULL, NULL, '251', '2014-10-24 08:52:57', '251', '2014-10-24 08:52:57');
INSERT INTO `hro_def_list_detail` VALUES (72745, 50657, NULL, 'item_62_p', '医疗保险-个人', 'Medical - Personal', '150', 2, 50, 13, 2, 2, NULL, 0, NULL, NULL, '0', 0, '3', 0, 2, 1, NULL, 1, 1, NULL, NULL, NULL, NULL, NULL, '251', '2014-10-24 08:52:57', '251', '2014-10-24 08:52:57');
INSERT INTO `hro_def_list_detail` VALUES (72747, 50657, NULL, 'item_63_p', '失业保险-个人', 'Unemployment - Personal', '150', 2, 50, 13, 2, 2, NULL, 0, NULL, NULL, '0', 0, '3', 0, 2, 1, NULL, 1, 1, NULL, NULL, NULL, NULL, NULL, '251', '2014-10-24 08:52:57', '251', '2014-10-24 08:52:57');
INSERT INTO `hro_def_list_detail` VALUES (72749, 50657, NULL, 'item_64_p', '工伤保险-个人', 'Injury - Personal', '150', 2, 50, 13, 2, 2, NULL, 0, NULL, NULL, '0', 0, '3', 0, 2, 1, NULL, 1, 1, NULL, NULL, NULL, NULL, NULL, '251', '2014-10-24 08:52:57', '251', '2014-10-24 08:52:57');
INSERT INTO `hro_def_list_detail` VALUES (72751, 50657, NULL, 'item_65_p', '生育保险-个人', 'Maternity - Personal', '150', 2, 50, 13, 2, 2, NULL, 0, NULL, NULL, '0', 0, '3', 0, 2, 1, NULL, 1, 1, NULL, NULL, NULL, NULL, NULL, '251', '2014-10-24 08:52:57', '251', '2014-10-24 08:52:57');
INSERT INTO `hro_def_list_detail` VALUES (72753, 50657, NULL, 'item_66_p', '残疾人保障金-个人', 'Disable - Personal', '150', 2, 50, 13, 2, 2, NULL, 0, NULL, NULL, '0', 0, '3', 0, 2, 1, NULL, 1, 1, NULL, NULL, NULL, NULL, NULL, '251', '2014-10-24 08:52:57', '251', '2014-10-24 08:52:57');
INSERT INTO `hro_def_list_detail` VALUES (72755, 50657, NULL, 'item_67_p', '住房公积金-个人', 'Housing - Personal', '150', 2, 50, 13, 2, 2, NULL, 0, NULL, NULL, '0', 0, '3', 0, 2, 1, NULL, 1, 1, NULL, NULL, NULL, NULL, NULL, '251', '2014-10-24 08:52:57', '251', '2014-10-24 08:52:57');
INSERT INTO `hro_def_list_detail` VALUES (72757, 50657, NULL, 'item_68_p', '取暖费-', 'Warming - Personal', '150', 2, 50, 13, 2, 2, NULL, 0, NULL, NULL, '0', 0, '3', 0, 2, 1, NULL, 1, 1, NULL, NULL, NULL, NULL, NULL, '251', '2014-10-24 08:52:57', '251', '2014-10-24 08:52:57');
INSERT INTO `hro_def_list_detail` VALUES (72759, 50657, NULL, 'item_69_p', '调配费-', '  Allocation - Personal', '150', 2, 50, 13, 2, 2, NULL, 0, NULL, NULL, '0', 0, '3', 0, 2, 1, NULL, 1, 1, NULL, NULL, NULL, NULL, NULL, '251', '2014-10-24 08:52:57', '251', '2014-10-24 08:52:57');
INSERT INTO `hro_def_list_detail` VALUES (72761, 50657, NULL, 'item_70_p', '档案管理费-个人', 'Archive - Personal', '150', 2, 50, 13, 2, 2, NULL, 0, NULL, NULL, '0', 0, '3', 0, 2, 1, NULL, 1, 1, NULL, NULL, NULL, NULL, NULL, '251', '2014-10-24 08:52:57', '251', '2014-10-24 08:52:57');
INSERT INTO `hro_def_list_detail` VALUES (72763, 50657, NULL, 'item_71_p', '住院医疗保险-个人', 'Zhuyuan Yiliao - Personal', '150', 2, 50, 13, 2, 2, NULL, 0, NULL, NULL, '0', 0, '3', 0, 2, 1, NULL, 1, 1, NULL, NULL, NULL, NULL, NULL, '251', '2014-10-24 08:52:57', '251', '2014-10-24 08:52:57');
INSERT INTO `hro_def_list_detail` VALUES (72765, 50657, NULL, 'item_72_p', '补充医疗保险-个人', 'Buchong Yiliao - Personal', '150', 2, 50, 13, 2, 2, NULL, 0, NULL, NULL, '0', 0, '3', 0, 2, 1, NULL, 1, 1, NULL, NULL, NULL, NULL, NULL, '251', '2014-10-24 08:52:57', '251', '2014-10-24 08:52:57');
INSERT INTO `hro_def_list_detail` VALUES (72767, 50657, NULL, 'item_73_p', '大病医疗保险-个人', 'Dabing Yiliao - Personal', '150', 2, 50, 13, 2, 2, NULL, 0, NULL, NULL, '0', 0, '3', 0, 2, 1, NULL, 1, 1, NULL, NULL, NULL, NULL, NULL, '251', '2014-10-24 08:52:57', '251', '2014-10-24 08:52:57');
INSERT INTO `hro_def_list_detail` VALUES (72769, 50657, NULL, 'item_74_p', '异地农村医保-个人', 'Yidi Nongcun - Personal', '150', 2, 50, 13, 2, 2, NULL, 0, NULL, NULL, '0', 0, '3', 0, 2, 1, NULL, 1, 1, NULL, NULL, NULL, NULL, NULL, '251', '2014-10-24 08:52:57', '251', '2014-10-24 08:52:57');
INSERT INTO `hro_def_list_detail` VALUES (72771, 50657, NULL, 'item_75_p', '医疗共济金-个人', 'Medical Aid Funding - Personal', '150', 2, 50, 13, 2, 2, NULL, 0, NULL, NULL, '0', 0, '3', 0, 2, 1, NULL, 1, 1, NULL, NULL, NULL, NULL, NULL, '251', '2014-10-24 08:52:57', '251', '2014-10-24 08:52:57');
INSERT INTO `hro_def_list_detail` VALUES (72773, 50657, NULL, 'item_130', '服务费（含税）', 'ervice Fee (I-Tax)', '100', 2, 50, 13, 2, 2, NULL, 0, NULL, NULL, '0', 0, '3', 0, 2, 1, NULL, 1, 1, NULL, NULL, NULL, NULL, NULL, '251', '2014-10-24 08:52:57', '251', '2014-10-24 08:52:57');
INSERT INTO `hro_def_list_detail` VALUES (72775, 50657, NULL, 'item_131', '服务费（含税） - 订金', 'Service Fee (I-Tax) - Prepay', '100', 2, 50, 13, 2, 2, NULL, 0, NULL, NULL, '0', 0, '3', 0, 2, 1, NULL, 1, 1, NULL, NULL, NULL, NULL, NULL, '251', '2014-10-24 08:52:57', '251', '2014-10-24 08:52:57');
INSERT INTO `hro_def_list_detail` VALUES (72777, 50657, NULL, 'item_132', '服务费（含税） - 违约金', 'Service Fee (I-Tax) - Cancelation', '100', 2, 50, 13, 2, 2, NULL, 0, NULL, NULL, '0', 0, '3', 0, 2, 1, NULL, 1, 1, NULL, NULL, NULL, NULL, NULL, '251', '2014-10-24 08:52:57', '251', '2014-10-24 08:52:57');
INSERT INTO `hro_def_list_detail` VALUES (72779, 50657, NULL, 'item_133', '服务费（含税）- 其他   ', 'Service Fee (I-Tax) - Other', '100', 2, 50, 13, 2, 2, NULL, 0, NULL, NULL, '0', 0, '3', 0, 2, 1, NULL, 1, 1, NULL, NULL, NULL, NULL, NULL, '251', '2014-10-24 08:52:57', '251', '2014-10-24 08:52:57');
INSERT INTO `hro_def_list_detail` VALUES (72781, 50657, NULL, 'item_134', '培训费（含税）', 'Training Fee (I-Tax)', '100', 2, 50, 13, 2, 2, NULL, 0, NULL, NULL, '0', 0, '3', 0, 2, 1, NULL, 1, 1, NULL, NULL, NULL, NULL, NULL, '251', '2014-10-24 08:52:57', '251', '2014-10-24 08:52:57');
INSERT INTO `hro_def_list_detail` VALUES (72783, 50657, NULL, 'item_135', '招聘费（含税）', 'Recruitment Fee (I-Tax)', '100', 2, 50, 13, 2, 2, NULL, 0, NULL, NULL, '0', 0, '3', 0, 2, 1, NULL, 1, 1, NULL, NULL, NULL, NULL, NULL, '251', '2014-10-24 08:52:57', '251', '2014-10-24 08:52:57');
INSERT INTO `hro_def_list_detail` VALUES (72785, 50657, NULL, 'item_136', '代理费（含税）', 'Agent Fee (I-Tax)', '100', 2, 50, 13, 2, 2, NULL, 0, NULL, NULL, '0', 0, '3', 0, 2, 1, NULL, 1, 1, NULL, NULL, NULL, NULL, NULL, '251', '2014-10-24 08:52:57', '251', '2014-10-24 08:52:57');
INSERT INTO `hro_def_list_detail` VALUES (72787, 50657, NULL, 'item_141', '营业税', 'Tax', '100', 2, 50, 13, 2, 2, NULL, 0, NULL, NULL, '0', 0, '3', 0, 2, 1, NULL, 1, 1, NULL, NULL, NULL, NULL, NULL, '251', '2014-10-24 08:52:57', '251', '2014-10-24 08:52:57');
INSERT INTO `hro_def_list_detail` VALUES (72789, 50657, NULL, 'item_142', '入职体检', 'Onboard Physical Examination', '100', 2, 50, 13, 2, 2, NULL, 0, NULL, NULL, '0', 0, '3', 0, 2, 1, NULL, 1, 1, NULL, NULL, NULL, NULL, NULL, '251', '2014-10-24 08:52:57', '251', '2014-10-24 08:52:57');
INSERT INTO `hro_def_list_detail` VALUES (72791, 50657, NULL, 'item_143', '年度体检', 'Annual Physical Examination', '100', 2, 50, 13, 2, 2, NULL, 0, NULL, NULL, '0', 0, '3', 0, 2, 1, NULL, 1, 1, NULL, NULL, NULL, NULL, NULL, '251', '2014-10-24 08:52:57', '251', '2014-10-24 08:52:57');
INSERT INTO `hro_def_list_detail` VALUES (72793, 50657, NULL, 'item_144', '社保卡办卡费', 'SB Card Fee', '100', 2, 50, 13, 2, 2, NULL, 0, NULL, NULL, '0', 0, '3', 0, 2, 1, NULL, 1, 1, NULL, NULL, NULL, NULL, NULL, '251', '2014-10-24 08:52:57', '251', '2014-10-24 08:52:57');
INSERT INTO `hro_def_list_detail` VALUES (72795, 50657, NULL, 'item_145', '医保卡办卡费', 'Medical Card Fee', '100', 2, 50, 13, 2, 2, NULL, 0, NULL, NULL, '0', 0, '3', 0, 2, 1, NULL, 1, 1, NULL, NULL, NULL, NULL, NULL, '251', '2014-10-24 08:52:57', '251', '2014-10-24 08:52:57');
INSERT INTO `hro_def_list_detail` VALUES (72797, 50657, NULL, 'item_146', '工资卡办卡费', 'Salary Card Fee', '100', 2, 50, 13, 2, 2, NULL, 0, NULL, NULL, '0', 0, '3', 0, 2, 1, NULL, 1, 1, NULL, NULL, NULL, NULL, NULL, '251', '2014-10-24 08:52:57', '251', '2014-10-24 08:52:57');
INSERT INTO `hro_def_list_detail` VALUES (72799, 50657, NULL, 'item_147', '工会费', 'Labour Union Fee', '100', 2, 50, 13, 2, 2, NULL, 0, NULL, NULL, '0', 0, '3', 0, 2, 1, NULL, 1, 1, NULL, NULL, NULL, NULL, NULL, '251', '2014-10-24 08:52:57', '251', '2014-10-24 08:52:57');
INSERT INTO `hro_def_list_detail` VALUES (72801, 50657, NULL, 'item_148', '滞纳金', 'Overdue Fine', '100', 2, 50, 13, 2, 2, NULL, 0, NULL, NULL, '0', 0, '3', 0, 2, 1, NULL, 1, 1, NULL, NULL, NULL, NULL, NULL, '251', '2014-10-24 08:52:57', '251', '2014-10-24 08:52:57');
INSERT INTO `hro_def_list_detail` VALUES (72803, 50657, NULL, 'item_149', '手续费', 'Poundage', '100', 2, 50, 13, 2, 2, NULL, 0, NULL, NULL, '0', 0, '3', 0, 2, 1, NULL, 1, 1, NULL, NULL, NULL, NULL, NULL, '251', '2014-10-24 08:52:57', '251', '2014-10-24 08:52:57');
INSERT INTO `hro_def_list_detail` VALUES (72805, 50657, NULL, 'item_150', '工本费', 'Paper Work Fee', '100', 2, 50, 13, 2, 2, NULL, 0, NULL, NULL, '0', 0, '3', 0, 2, 1, NULL, 1, 1, NULL, NULL, NULL, NULL, NULL, '251', '2014-10-24 08:52:57', '251', '2014-10-24 08:52:57');
INSERT INTO `hro_def_list_detail` VALUES (72807, 50657, NULL, 'item_151', '互助金', 'Each Other Fee', '100', 2, 50, 13, 2, 2, NULL, 0, NULL, NULL, '0', 0, '3', 0, 2, 1, NULL, 1, 1, NULL, NULL, NULL, NULL, NULL, '251', '2014-10-24 08:52:57', '251', '2014-10-24 08:52:57');
INSERT INTO `hro_def_list_detail` VALUES (72809, 50657, NULL, 'item_161', '社保管理费', 'Social Benefit Management Fee', '100', 2, 50, 13, 2, 2, NULL, 0, NULL, NULL, '0', 0, '3', 0, 2, 1, NULL, 1, 1, NULL, NULL, NULL, NULL, NULL, '251', '2014-10-24 08:52:57', '251', '2014-10-24 08:52:57');
INSERT INTO `hro_def_list_detail` VALUES (72811, 50657, NULL, 'item_162', '第三方管理费', '3rd Part Management Fee', '100', 2, 50, 13, 2, 2, NULL, 0, NULL, NULL, '0', 0, '3', 0, 2, 1, NULL, 1, 1, NULL, NULL, NULL, NULL, NULL, '251', '2014-10-24 08:52:57', '251', '2014-10-24 08:52:57');
INSERT INTO `hro_def_list_detail` VALUES (72813, 50657, NULL, 'item_181', '工会基金', 'Labour Union Fund', '100', 2, 50, 13, 2, 2, NULL, 0, NULL, NULL, '0', 0, '3', 0, 2, 1, NULL, 1, 1, NULL, NULL, NULL, NULL, NULL, '251', '2014-10-24 08:52:57', '251', '2014-10-24 08:52:57');
INSERT INTO `hro_def_list_detail` VALUES (72815, 50657, NULL, 'item_182', '工伤基金', 'Injury Fund', '100', 2, 50, 13, 2, 2, NULL, 0, NULL, NULL, '0', 0, '3', 0, 2, 1, NULL, 1, 1, NULL, NULL, NULL, NULL, NULL, '251', '2014-10-24 08:52:57', '251', '2014-10-24 08:52:57');
INSERT INTO `hro_def_list_detail` VALUES (72817, 50657, NULL, 'item_183', '生育基金', 'Maternity Fund', '100', 2, 50, 13, 2, 2, NULL, 0, NULL, NULL, '0', 0, '3', 0, 2, 1, NULL, 1, 1, NULL, NULL, NULL, NULL, NULL, '251', '2014-10-24 08:52:57', '251', '2014-10-24 08:52:57');
INSERT INTO `hro_def_list_detail` VALUES (72819, 50657, NULL, 'item_184', '残障基金', 'Disable Fund', '100', 2, 50, 13, 2, 2, NULL, 0, NULL, NULL, '0', 0, '3', 0, 2, 1, NULL, 1, 1, NULL, NULL, NULL, NULL, NULL, '251', '2014-10-24 08:52:57', '251', '2014-10-24 08:52:57');
INSERT INTO `hro_def_list_detail` VALUES (72821, 50657, NULL, 'item_185', '替补基金', 'Replace Fund', '100', 2, 50, 13, 2, 2, NULL, 0, NULL, NULL, '0', 0, '3', 0, 2, 1, NULL, 1, 1, NULL, NULL, NULL, NULL, NULL, '251', '2014-10-24 08:52:57', '251', '2014-10-24 08:52:57');
INSERT INTO `hro_def_list_detail` VALUES (72823, 50657, NULL, 'item_186', '风险基金', 'VC Fund', '100', 2, 50, 13, 2, 2, NULL, 0, NULL, NULL, '0', 0, '3', 0, 2, 1, NULL, 1, 1, NULL, NULL, NULL, NULL, NULL, '251', '2014-10-24 08:52:57', '251', '2014-10-24 08:52:57');
INSERT INTO `hro_def_list_detail` VALUES (72825, 50657, NULL, 'item_187', '全责基金', 'Full Liability Fund', '100', 2, 50, 13, 2, 2, NULL, 0, NULL, NULL, '0', 0, '3', 0, 2, 1, NULL, 1, 1, NULL, NULL, NULL, NULL, NULL, '251', '2014-10-24 08:52:57', '251', '2014-10-24 08:52:57');
INSERT INTO `hro_def_list_detail` VALUES (72827, 50657, NULL, 'item_188', '其他基金', 'Other Fund', '100', 2, 50, 13, 2, 2, NULL, 0, NULL, NULL, '0', 0, '3', 0, 2, 1, NULL, 1, 1, NULL, NULL, NULL, NULL, NULL, '251', '2014-10-24 08:52:57', '251', '2014-10-24 08:52:57');

## Add by Jack.Tang 2014-11-24  自定义字段添加索引
ALTER TABLE `hro_def_manager_detail`
ADD INDEX `ColumnId_Index` (`columnId`) USING BTREE ;

ALTER TABLE `hro_def_search_detail`
ADD INDEX `ColumnId_Index` (`columnId`) USING BTREE ;

ALTER TABLE `hro_def_list_detail`
ADD INDEX `ColumnId_Index` (`columnId`) USING BTREE ;

ALTER TABLE `hro_def_report_detail`
ADD INDEX `ColumnId_Index` (`columnId`) USING BTREE ;

ALTER TABLE `hro_def_report_search_detail`
ADD INDEX `ColumnId_Index` (`columnId`) USING BTREE ;

ALTER TABLE `hro_def_import_detail`
ADD INDEX `ColumnId_Index` (`columnId`) USING BTREE ;

## Add employeeVO 职级字段 siuvan 2014-11-24
ALTER TABLE `hro_biz_employee`
ADD COLUMN `_tempPositionGradeIds`  varchar(200) NULL AFTER `_tempPositionLocationIds`;

## 劳动合同临时表添加“成本部门”
ALTER TABLE `hro_biz_employee_contract_temp`
ADD COLUMN `settlementBranch`  varchar(25) NULL AFTER `employStatus`;

---------------------------已刷新到hrm_p------------------------------------------------------

## 鹿港考勤导入
## Add by siuvan @2014-12-23
INSERT INTO hro_sys_module VALUES( 1143, 'menu_attendance_Import_Attendance', 1, '考勤汇总', 'Attendance Summary', '考勤汇总', 'Attendance Summary', 2, 'N/A', 10, 'HRO_BIZ_ATTENDANCE_IMPORT_BATCH', NULL, 'attendanceImportBatchAction.do?proc=list_object', 'attendanceImportBatchAction.do?proc=list_object&rt=full', null, null, null, null, null, null, 510, 'menu_attendance_Modules', 'menu_attendance_Import', 'menu_attendance_Import_Attendance', 1143, '{2:5:6:14:26}', NULL, NULL, 1, 1, NULL, NULL, NULL, NULL, NULL, 1, NOW(), 1, NOW());
CREATE TABLE hro_biz_attendance_import_header(
	headerId int(11) NOT NULL AUTO_INCREMENT ,						# 导入考勤主表ID
	batchId int(11) NOT NULL ,										# 批次ID
	accountId int(11) DEFAULT NULL ,
	clientId int(11) DEFAULT NULL ,
	corpId int(11) NULL DEFAULT NULL ,
	contractId int(11) DEFAULT NULL ,								# 劳动合同ID
	monthly varchar(25) DEFAULT NULL ,								# 考勤表月份
	totalWorkHours double NOT NULL,									# 工作小时数（考勤周期合计）
  	totalWorkDays double NOT NULL, 									# 工作天数（考勤周期合计）
  	totalFullHours double NOT NULL,									# 全勤小时数（考勤周期合计）
  	totalFullDays double NOT NULL, 									# 全勤天数（考勤周期合计）
	attachment varchar(1000) DEFAULT NULL ,							# 附件
	description varchar(1000) DEFAULT NULL ,
	deleted tinyint(4) NULL DEFAULT NULL ,
	status tinyint(4) NULL DEFAULT NULL ,
	remark1 varchar(5000) DEFAULT NULL ,
	remark2 varchar(1000) DEFAULT NULL ,
	remark3 varchar(1000) DEFAULT NULL ,
	remark4 varchar(1000) DEFAULT NULL ,
	remark5 varchar(1000) DEFAULT NULL ,
	createBy varchar(25) DEFAULT NULL ,
	createDate datetime NULL DEFAULT NULL ,
	modifyBy varchar(25) DEFAULT NULL ,
	modifyDate datetime NULL DEFAULT NULL ,
	PRIMARY KEY (headerId)
)ENGINE=InnoDB DEFAULT CHARSET=gbk;

CREATE TABLE hro_biz_attendance_import_detail(
	detailId int(11) NOT NULL AUTO_INCREMENT ,						# 导入考勤从表ID
	headerId int(11) NOT NULL ,										
	itemId int(11) DEFAULT NULL ,										# 科目ID
	itemName varchar(50) DEFAULT NULL ,	
	hours double DEFAULT NULL ,											# 考勤小时数
	description varchar(1000) DEFAULT NULL ,
	deleted tinyint(4) NULL DEFAULT NULL ,
	status tinyint(4) NULL DEFAULT NULL ,
	remark1 varchar(5000) DEFAULT NULL ,
	remark2 varchar(1000) DEFAULT NULL ,
	remark3 varchar(1000) DEFAULT NULL ,
	remark4 varchar(1000) DEFAULT NULL ,
	remark5 varchar(1000) DEFAULT NULL ,
	createBy varchar(25) DEFAULT NULL ,
	createDate datetime NULL DEFAULT NULL ,
	modifyBy varchar(25) DEFAULT NULL ,
	modifyDate datetime NULL DEFAULT NULL ,
	PRIMARY KEY (detailId)
)ENGINE=InnoDB DEFAULT CHARSET=gbk;


--------------------executed?----------------------------

## 数据来源（1：系统录入；2：导入生成）
## Add by siuvan 2014-12-24
ALTER TABLE `hro_biz_attendance_leave_header`
ADD COLUMN `dataFrom`  tinyint(4) NULL AFTER `unread`;
ALTER TABLE `hro_biz_attendance_ot_header`
ADD COLUMN `dataFrom`  tinyint(4) NULL AFTER `unread`;

## 合同添加最后工作时间
## add by iori @ 2014年12月26日  10:51:41
ALTER TABLE `hro_biz_employee_contract`
ADD COLUMN `lastWorkDate`  datetime NULL AFTER `resignDate`;

## 考勤汇总导入表、字段、菜单新增
# Table
INSERT INTO `hro_def_table` (`tableId`, `accountId`, `corpId`, `nameZH`, `nameEN`, `tableType`, `tableIndex`, `moduleType`, `accessAction`, `accessName`, `accessTempName`, `linkedTableIds`, `role`, `canManager`, `canList`, `canSearch`, `canReport`, `canImport`, `className`, `description`, `deleted`, `status`, `remark1`, `remark2`, `remark3`, `remark4`, `remark5`, `createBy`, `createDate`, `modifyBy`, `modifyDate`) VALUES ('113', '1', NULL, '考勤 - 考勤汇总 - 主表', 'Attendance Import Header', '1', '1605', '10', 'HRO_BIZ_ATTENDANCE_IMPORT_BATCH', 'HRO_BIZ_ATTENDANCE_IMPORT_HEADER', NULL, NULL, '0', '1', '2', '2', '2', '1', 'com.kan.hro.domain.biz.attendance.AttendanceImportHeaderVO', '', '1', '1', NULL, NULL, NULL, NULL, NULL, '1', '2014-12-24 10:58:07', '1', '2014-12-24 11:01:50');
INSERT INTO `hro_def_table` (`tableId`, `accountId`, `corpId`, `nameZH`, `nameEN`, `tableType`, `tableIndex`, `moduleType`, `accessAction`, `accessName`, `accessTempName`, `linkedTableIds`, `role`, `canManager`, `canList`, `canSearch`, `canReport`, `canImport`, `className`, `description`, `deleted`, `status`, `remark1`, `remark2`, `remark3`, `remark4`, `remark5`, `createBy`, `createDate`, `modifyBy`, `modifyDate`) VALUES ('115', '1', NULL, '考勤 - 考勤汇总 - 从表', 'Attendance Import Detail', '1', '1606', '10', 'HRO_BIZ_ATTENDANCE_IMPORT_DETAIL', 'HRO_BIZ_ATTENDANCE_IMPORT_DETAIL', NULL, NULL, '0', '1', '2', '2', '2', '1', 'com.kan.hro.domain.biz.attendance.AttendanceImportDetailVO', '', '1', '1', NULL, NULL, NULL, NULL, NULL, '1', '2014-12-24 11:04:16', '1', '2014-12-24 11:04:16');

INSERT INTO `hro_def_column` (`columnId`, `accountId`, `corpId`, `tableId`, `nameDB`, `nameSys`, `nameZH`, `nameEN`, `groupId`, `isPrimaryKey`, `isForeignKey`, `isDBColumn`, `isRequired`, `displayType`, `columnIndex`, `inputType`, `valueType`, `optionType`, `optionValue`, `cssStyle`, `jsEvent`, `validateType`, `validateRequired`, `validateLength`, `validateRange`, `editable`, `useThinking`, `thinkingId`, `thinkingAction`, `useTitle`, `titleZH`, `titleEN`, `description`, `canImport`, `deleted`, `status`, `remark1`, `remark2`, `remark3`, `remark4`, `remark5`, `createBy`, `createDate`, `modifyBy`, `modifyDate`) VALUES ('7150', '1', NULL, '71', 'lastWorkDate', '最后工作时间', '最后工作时间', 'Last Work Date', '9', '0', '0', '1', '2', '1', '25', '1', '3', '0', '', '', 'onFocus=\"WdatePicker({minDate:\'#F{$dp.$D(\\\'startDate\\\')}\',maxDate:\'#F{$dp.$D(\\\'endDate\\\')}\'});\"', '0', '', '0_0', '0_0', '1', '2', '', '', '0', '', '', '', '1', '1', '1', '', '', '', '', '', '1', '2013-09-11 18:50:00', '1', '2014-05-30 14:58:50');

# Column
INSERT INTO `hro_def_column` (`columnId`, `accountId`, `corpId`, `tableId`, `nameDB`, `nameSys`, `nameZH`, `nameEN`, `groupId`, `isPrimaryKey`, `isForeignKey`, `isDBColumn`, `isRequired`, `displayType`, `columnIndex`, `inputType`, `valueType`, `optionType`, `optionValue`, `cssStyle`, `jsEvent`, `validateType`, `validateRequired`, `validateLength`, `validateRange`, `editable`, `useThinking`, `thinkingId`, `thinkingAction`, `useTitle`, `titleZH`, `titleEN`, `description`, `canImport`, `deleted`, `status`, `remark1`, `remark2`, `remark3`, `remark4`, `remark5`, `createBy`, `createDate`, `modifyBy`, `modifyDate`) VALUES ('13301', '1', NULL, '113', 'headerId', '考勤汇总主表导入HeaderID', '考勤汇总主表导入HeaderID', 'header ID', '1', '1', '0', '1', '2', '2', '1', '1', '2', '0', NULL, '', '', '0', NULL, '0_0', '0_0', '1', '2', '', '', '0', '', '', '', '2', '1', '1', NULL, NULL, NULL, NULL, NULL, '1', '2014-12-24 16:02:12', '1', '2014-12-24 16:02:12');
INSERT INTO `hro_def_column` (`columnId`, `accountId`, `corpId`, `tableId`, `nameDB`, `nameSys`, `nameZH`, `nameEN`, `groupId`, `isPrimaryKey`, `isForeignKey`, `isDBColumn`, `isRequired`, `displayType`, `columnIndex`, `inputType`, `valueType`, `optionType`, `optionValue`, `cssStyle`, `jsEvent`, `validateType`, `validateRequired`, `validateLength`, `validateRange`, `editable`, `useThinking`, `thinkingId`, `thinkingAction`, `useTitle`, `titleZH`, `titleEN`, `description`, `canImport`, `deleted`, `status`, `remark1`, `remark2`, `remark3`, `remark4`, `remark5`, `createBy`, `createDate`, `modifyBy`, `modifyDate`) VALUES ('13303', '1', NULL, '113', 'batchId', '批次ID', '批次ID', 'Batch ID', '1', '2', '0', '1', '2', '1', '3', '1', '2', '0', NULL, '', '', '0', NULL, '0_0', '0_0', '1', '2', '', '', '0', '', '', '', '2', '1', '1', NULL, NULL, NULL, NULL, NULL, '1', '2014-12-24 17:44:17', '1', '2014-12-24 17:44:17');
INSERT INTO `hro_def_column` (`columnId`, `accountId`, `corpId`, `tableId`, `nameDB`, `nameSys`, `nameZH`, `nameEN`, `groupId`, `isPrimaryKey`, `isForeignKey`, `isDBColumn`, `isRequired`, `displayType`, `columnIndex`, `inputType`, `valueType`, `optionType`, `optionValue`, `cssStyle`, `jsEvent`, `validateType`, `validateRequired`, `validateLength`, `validateRange`, `editable`, `useThinking`, `thinkingId`, `thinkingAction`, `useTitle`, `titleZH`, `titleEN`, `description`, `canImport`, `deleted`, `status`, `remark1`, `remark2`, `remark3`, `remark4`, `remark5`, `createBy`, `createDate`, `modifyBy`, `modifyDate`) VALUES ('13305', '1', NULL, '113', 'contractId', '劳动合同ID', '劳动合同ID', 'Contract ID', '1', '2', '0', '1', '1', '1', '5', '1', '2', '0', NULL, '', '', '0', NULL, '0_0', '0_0', '1', '2', '', '', '0', '', '', '', '1', '1', '1', NULL, NULL, NULL, NULL, NULL, '1', '2014-12-24 17:46:24', '1', '2014-12-25 11:54:39');
INSERT INTO `hro_def_column` (`columnId`, `accountId`, `corpId`, `tableId`, `nameDB`, `nameSys`, `nameZH`, `nameEN`, `groupId`, `isPrimaryKey`, `isForeignKey`, `isDBColumn`, `isRequired`, `displayType`, `columnIndex`, `inputType`, `valueType`, `optionType`, `optionValue`, `cssStyle`, `jsEvent`, `validateType`, `validateRequired`, `validateLength`, `validateRange`, `editable`, `useThinking`, `thinkingId`, `thinkingAction`, `useTitle`, `titleZH`, `titleEN`, `description`, `canImport`, `deleted`, `status`, `remark1`, `remark2`, `remark3`, `remark4`, `remark5`, `createBy`, `createDate`, `modifyBy`, `modifyDate`) VALUES ('13307', '1', NULL, '113', 'monthly', '考勤表月份', '考勤表月份', 'Monthly', '1', '2', '0', '1', '1', '1', '7', '1', '2', '2', '72', '', '', '0', NULL, '0_0', '0_0', '1', '2', '', '', '0', '', '', '', '1', '1', '1', NULL, NULL, NULL, NULL, NULL, '1', '2014-12-24 17:49:43', '1', '2014-12-26 15:41:45');
INSERT INTO `hro_def_column` (`columnId`, `accountId`, `corpId`, `tableId`, `nameDB`, `nameSys`, `nameZH`, `nameEN`, `groupId`, `isPrimaryKey`, `isForeignKey`, `isDBColumn`, `isRequired`, `displayType`, `columnIndex`, `inputType`, `valueType`, `optionType`, `optionValue`, `cssStyle`, `jsEvent`, `validateType`, `validateRequired`, `validateLength`, `validateRange`, `editable`, `useThinking`, `thinkingId`, `thinkingAction`, `useTitle`, `titleZH`, `titleEN`, `description`, `canImport`, `deleted`, `status`, `remark1`, `remark2`, `remark3`, `remark4`, `remark5`, `createBy`, `createDate`, `modifyBy`, `modifyDate`) VALUES ('13309', '1', NULL, '113', 'totalWorkHours', '工作小时数（考勤周期合计）', '工作小时数（考勤周期合计）', 'Total Work Hours', '1', '2', '0', '1', '2', '1', '9', '1', '2', '0', NULL, '', '', '0', NULL, '0_0', '0_0', '1', '2', '', '', '0', '', '', '', '1', '1', '1', NULL, NULL, NULL, NULL, NULL, '1', '2014-12-24 17:52:41', '1', '2014-12-24 17:52:41');
INSERT INTO `hro_def_column` (`columnId`, `accountId`, `corpId`, `tableId`, `nameDB`, `nameSys`, `nameZH`, `nameEN`, `groupId`, `isPrimaryKey`, `isForeignKey`, `isDBColumn`, `isRequired`, `displayType`, `columnIndex`, `inputType`, `valueType`, `optionType`, `optionValue`, `cssStyle`, `jsEvent`, `validateType`, `validateRequired`, `validateLength`, `validateRange`, `editable`, `useThinking`, `thinkingId`, `thinkingAction`, `useTitle`, `titleZH`, `titleEN`, `description`, `canImport`, `deleted`, `status`, `remark1`, `remark2`, `remark3`, `remark4`, `remark5`, `createBy`, `createDate`, `modifyBy`, `modifyDate`) VALUES ('13311', '1', NULL, '113', 'totalWorkDays', '工作天数（考勤周期合计）', '工作天数（考勤周期合计）', 'Total Work Days', '1', '2', '0', '1', '2', '1', '11', '1', '2', '0', NULL, '', '', '0', NULL, '0_0', '0_0', '1', '2', '', '', '0', '', '', '', '1', '1', '1', NULL, NULL, NULL, NULL, NULL, '1', '2014-12-24 17:57:04', '1', '2014-12-24 17:57:04');
INSERT INTO `hro_def_column` (`columnId`, `accountId`, `corpId`, `tableId`, `nameDB`, `nameSys`, `nameZH`, `nameEN`, `groupId`, `isPrimaryKey`, `isForeignKey`, `isDBColumn`, `isRequired`, `displayType`, `columnIndex`, `inputType`, `valueType`, `optionType`, `optionValue`, `cssStyle`, `jsEvent`, `validateType`, `validateRequired`, `validateLength`, `validateRange`, `editable`, `useThinking`, `thinkingId`, `thinkingAction`, `useTitle`, `titleZH`, `titleEN`, `description`, `canImport`, `deleted`, `status`, `remark1`, `remark2`, `remark3`, `remark4`, `remark5`, `createBy`, `createDate`, `modifyBy`, `modifyDate`) VALUES ('13313', '1', NULL, '113', 'totalFullHours', '全勤小时数（考勤周期合计）', '全勤小时数（考勤周期合计）', 'Total Full Hours', '1', '2', '0', '1', '2', '1', '13', '1', '2', '0', NULL, '', '', '0', NULL, '0_0', '0_0', '1', '2', '', '', '0', '', '', '', '1', '1', '1', NULL, NULL, NULL, NULL, NULL, '1', '2014-12-24 17:57:54', '1', '2014-12-24 17:57:54');
INSERT INTO `hro_def_column` (`columnId`, `accountId`, `corpId`, `tableId`, `nameDB`, `nameSys`, `nameZH`, `nameEN`, `groupId`, `isPrimaryKey`, `isForeignKey`, `isDBColumn`, `isRequired`, `displayType`, `columnIndex`, `inputType`, `valueType`, `optionType`, `optionValue`, `cssStyle`, `jsEvent`, `validateType`, `validateRequired`, `validateLength`, `validateRange`, `editable`, `useThinking`, `thinkingId`, `thinkingAction`, `useTitle`, `titleZH`, `titleEN`, `description`, `canImport`, `deleted`, `status`, `remark1`, `remark2`, `remark3`, `remark4`, `remark5`, `createBy`, `createDate`, `modifyBy`, `modifyDate`) VALUES ('13315', '1', NULL, '113', 'totalFullDays', '全勤天数（考勤周期合计）', '全勤天数（考勤周期合计）', 'Total Full Days', '1', '2', '0', '1', '2', '1', '17', '1', '2', '0', NULL, '', '', '0', NULL, '0_0', '0_0', '1', '2', '', '', '0', '', '', '', '1', '1', '1', NULL, NULL, NULL, NULL, NULL, '1', '2014-12-24 17:58:41', '1', '2014-12-24 17:58:41');
INSERT INTO `hro_def_column` (`columnId`, `accountId`, `corpId`, `tableId`, `nameDB`, `nameSys`, `nameZH`, `nameEN`, `groupId`, `isPrimaryKey`, `isForeignKey`, `isDBColumn`, `isRequired`, `displayType`, `columnIndex`, `inputType`, `valueType`, `optionType`, `optionValue`, `cssStyle`, `jsEvent`, `validateType`, `validateRequired`, `validateLength`, `validateRange`, `editable`, `useThinking`, `thinkingId`, `thinkingAction`, `useTitle`, `titleZH`, `titleEN`, `description`, `canImport`, `deleted`, `status`, `remark1`, `remark2`, `remark3`, `remark4`, `remark5`, `createBy`, `createDate`, `modifyBy`, `modifyDate`) VALUES ('13317', '1', NULL, '113', 'attachment', '附件', '附件', 'Attachment', '1', '2', '0', '1', '2', '1', '19', '1', '2', '0', NULL, '', '', '0', NULL, '0_0', '0_0', '1', '2', '', '', '0', '', '', '', '1', '1', '1', NULL, NULL, NULL, NULL, NULL, '1', '2014-12-24 18:00:52', '1', '2014-12-24 18:00:52');
INSERT INTO `hro_def_column` (`columnId`, `accountId`, `corpId`, `tableId`, `nameDB`, `nameSys`, `nameZH`, `nameEN`, `groupId`, `isPrimaryKey`, `isForeignKey`, `isDBColumn`, `isRequired`, `displayType`, `columnIndex`, `inputType`, `valueType`, `optionType`, `optionValue`, `cssStyle`, `jsEvent`, `validateType`, `validateRequired`, `validateLength`, `validateRange`, `editable`, `useThinking`, `thinkingId`, `thinkingAction`, `useTitle`, `titleZH`, `titleEN`, `description`, `canImport`, `deleted`, `status`, `remark1`, `remark2`, `remark3`, `remark4`, `remark5`, `createBy`, `createDate`, `modifyBy`, `modifyDate`) VALUES ('13319', '1', NULL, '113', 'description', '描述', '描述', 'Description', '1', '2', '0', '1', '2', '1', '21', '1', '2', '0', NULL, '', '', '0', NULL, '0_0', '0_0', '1', '2', '', '', '0', '', '', '', '1', '1', '1', NULL, NULL, NULL, NULL, NULL, '1', '2014-12-24 18:01:41', '1', '2014-12-24 18:01:41');
INSERT INTO `hro_def_column` (`columnId`, `accountId`, `corpId`, `tableId`, `nameDB`, `nameSys`, `nameZH`, `nameEN`, `groupId`, `isPrimaryKey`, `isForeignKey`, `isDBColumn`, `isRequired`, `displayType`, `columnIndex`, `inputType`, `valueType`, `optionType`, `optionValue`, `cssStyle`, `jsEvent`, `validateType`, `validateRequired`, `validateLength`, `validateRange`, `editable`, `useThinking`, `thinkingId`, `thinkingAction`, `useTitle`, `titleZH`, `titleEN`, `description`, `canImport`, `deleted`, `status`, `remark1`, `remark2`, `remark3`, `remark4`, `remark5`, `createBy`, `createDate`, `modifyBy`, `modifyDate`) VALUES ('13320', '1', NULL, '113', 'employeeName', '员工姓名', '员工姓名', 'Employee Name', '1', '2', '2', '2', '2', '1', '23', '1', '2', '0', NULL, '', '', '0', NULL, '0_0', '0_0', '1', '2', '', '', '0', '', '', '', '1', '1', '1', NULL, NULL, NULL, NULL, NULL, '1', '2014-12-25 14:52:58', '1', '2014-12-25 14:52:58');
INSERT INTO `hro_def_column` (`columnId`, `accountId`, `corpId`, `tableId`, `nameDB`, `nameSys`, `nameZH`, `nameEN`, `groupId`, `isPrimaryKey`, `isForeignKey`, `isDBColumn`, `isRequired`, `displayType`, `columnIndex`, `inputType`, `valueType`, `optionType`, `optionValue`, `cssStyle`, `jsEvent`, `validateType`, `validateRequired`, `validateLength`, `validateRange`, `editable`, `useThinking`, `thinkingId`, `thinkingAction`, `useTitle`, `titleZH`, `titleEN`, `description`, `canImport`, `deleted`, `status`, `remark1`, `remark2`, `remark3`, `remark4`, `remark5`, `createBy`, `createDate`, `modifyBy`, `modifyDate`) VALUES ('13323', '1', NULL, '113', 'status', '状态', '状态', 'Status', '1', '2', '2', '1', '2', '1', '22', '1', '2', '0', NULL, '', '', '0', NULL, '0_0', '0_0', '1', '2', '', '', '0', '', '', '', '1', '1', '1', NULL, NULL, NULL, NULL, NULL, '1', '2014-12-25 20:41:13', '1', '2014-12-25 20:41:13');

UPDATE `hro_def_column` SET  `columnIndex`='22' WHERE (`columnId`='6931');
UPDATE `hro_def_column` SET  `columnIndex`='24' WHERE (`columnId`='6932');
UPDATE `hro_def_column` SET  `columnIndex`='26' WHERE (`columnId`='6933');
UPDATE `hro_def_column` SET  `columnIndex`='28' WHERE (`columnId`='6934');
UPDATE `hro_def_column` SET  `columnIndex`='23' WHERE (`columnId`='6935');
UPDATE `hro_def_column` SET  `columnIndex`='25' WHERE (`columnId`='6936');
UPDATE `hro_def_column` SET  `columnIndex`='27' WHERE (`columnId`='6937');

ALTER TABLE `hro_sec_entity`
ADD COLUMN `logoFile`  varchar(1000) NULL AFTER `bizType`,
ADD COLUMN `logoSize`  int(11) NULL AFTER `logoFile`;

INSERT INTO `hro_def_column` (`columnId`, `accountId`, `corpId`, `tableId`, `nameDB`, `nameSys`, `nameZH`, `nameEN`, `groupId`, `isPrimaryKey`, `isForeignKey`, `isDBColumn`, `isRequired`, `displayType`, `columnIndex`, `inputType`, `valueType`, `optionType`, `optionValue`, `cssStyle`, `jsEvent`, `validateType`, `validateRequired`, `validateLength`, `validateRange`, `editable`, `useThinking`, `thinkingId`, `thinkingAction`, `useTitle`, `titleZH`, `titleEN`, `description`, `canImport`, `deleted`, `status`, `remark1`, `remark2`, `remark3`, `remark4`, `remark5`, `createBy`, `createDate`, `modifyBy`, `modifyDate`) VALUES ('11501', '1', NULL, '115', 'detailId', '考勤导入从表ID', '考勤导入从表ID', 'Detail ID', '1', '1', '0', '1', '2', '1', '1', '1', '2', '0', NULL, '', '', '0', NULL, '0_0', '0_0', '1', '2', '', '', '0', '', '', '', '2', '1', '1', NULL, NULL, NULL, NULL, NULL, '1', '2014-12-25 11:57:25', '1', '2014-12-26 14:59:20');
INSERT INTO `hro_def_column` (`columnId`, `accountId`, `corpId`, `tableId`, `nameDB`, `nameSys`, `nameZH`, `nameEN`, `groupId`, `isPrimaryKey`, `isForeignKey`, `isDBColumn`, `isRequired`, `displayType`, `columnIndex`, `inputType`, `valueType`, `optionType`, `optionValue`, `cssStyle`, `jsEvent`, `validateType`, `validateRequired`, `validateLength`, `validateRange`, `editable`, `useThinking`, `thinkingId`, `thinkingAction`, `useTitle`, `titleZH`, `titleEN`, `description`, `canImport`, `deleted`, `status`, `remark1`, `remark2`, `remark3`, `remark4`, `remark5`, `createBy`, `createDate`, `modifyBy`, `modifyDate`) VALUES ('11503', '1', NULL, '115', 'headerId', '考勤导入主表ID', '考勤导入主表ID', 'Header ID', '1', '0', '1', '1', '2', '2', '3', '1', '2', '0', NULL, '', '', '0', NULL, '0_0', '0_0', '1', '2', '', '', '0', '', '', '', '2', '1', '1', NULL, NULL, NULL, NULL, NULL, '1', '2014-12-24 18:46:15', '1', '2014-12-26 14:57:25');
INSERT INTO `hro_def_column` (`columnId`, `accountId`, `corpId`, `tableId`, `nameDB`, `nameSys`, `nameZH`, `nameEN`, `groupId`, `isPrimaryKey`, `isForeignKey`, `isDBColumn`, `isRequired`, `displayType`, `columnIndex`, `inputType`, `valueType`, `optionType`, `optionValue`, `cssStyle`, `jsEvent`, `validateType`, `validateRequired`, `validateLength`, `validateRange`, `editable`, `useThinking`, `thinkingId`, `thinkingAction`, `useTitle`, `titleZH`, `titleEN`, `description`, `canImport`, `deleted`, `status`, `remark1`, `remark2`, `remark3`, `remark4`, `remark5`, `createBy`, `createDate`, `modifyBy`, `modifyDate`) VALUES ('11505', '1', NULL, '115', 'itemId', '科目ID', '科目ID', 'Item ID', '1', '0', '0', '1', '2', '1', '5', '1', '2', '0', NULL, '', '', '0', NULL, '0_0', '0_0', '1', '2', '', '', '0', '', '', '', '1', '1', '1', NULL, NULL, NULL, NULL, NULL, '1', '2014-12-25 11:59:55', '1', '2014-12-25 11:59:55');
INSERT INTO `hro_def_column` (`columnId`, `accountId`, `corpId`, `tableId`, `nameDB`, `nameSys`, `nameZH`, `nameEN`, `groupId`, `isPrimaryKey`, `isForeignKey`, `isDBColumn`, `isRequired`, `displayType`, `columnIndex`, `inputType`, `valueType`, `optionType`, `optionValue`, `cssStyle`, `jsEvent`, `validateType`, `validateRequired`, `validateLength`, `validateRange`, `editable`, `useThinking`, `thinkingId`, `thinkingAction`, `useTitle`, `titleZH`, `titleEN`, `description`, `canImport`, `deleted`, `status`, `remark1`, `remark2`, `remark3`, `remark4`, `remark5`, `createBy`, `createDate`, `modifyBy`, `modifyDate`) VALUES ('11507', '1', NULL, '115', 'hours', '考勤小时数', '考勤小时数', 'Hours', '1', '0', '0', '1', '2', '1', '9', '1', '2', '0', NULL, '', '', '0', NULL, '0_0', '0_0', '1', '2', '', '', '0', '', '', '', '1', '1', '1', NULL, NULL, NULL, NULL, NULL, '1', '2014-12-25 12:01:03', '1', '2014-12-25 12:01:03');
INSERT INTO `hro_def_column` (`columnId`, `accountId`, `corpId`, `tableId`, `nameDB`, `nameSys`, `nameZH`, `nameEN`, `groupId`, `isPrimaryKey`, `isForeignKey`, `isDBColumn`, `isRequired`, `displayType`, `columnIndex`, `inputType`, `valueType`, `optionType`, `optionValue`, `cssStyle`, `jsEvent`, `validateType`, `validateRequired`, `validateLength`, `validateRange`, `editable`, `useThinking`, `thinkingId`, `thinkingAction`, `useTitle`, `titleZH`, `titleEN`, `description`, `canImport`, `deleted`, `status`, `remark1`, `remark2`, `remark3`, `remark4`, `remark5`, `createBy`, `createDate`, `modifyBy`, `modifyDate`) VALUES ('11509', '1', NULL, '115', 'itemName', '科目名称', '科目名称', 'Item Name', '1', '2', '2', '1', '2', '1', '11', '1', '2', '0', NULL, '', '', '0', NULL, '0_0', '0_0', '1', '2', '', '', '0', '', '', '', '1', '1', '1', NULL, NULL, NULL, NULL, NULL, '1', '2014-12-25 14:55:19', '1', '2014-12-25 15:03:38');

ALTER TABLE `hro_biz_employee`
ADD COLUMN `healthCardStartDate`  datetime NULL AFTER `_tempUsername`;

ALTER TABLE `hro_biz_employee`
ADD COLUMN `healthCardNo`  varchar(50) NULL AFTER `_tempUsername`;

INSERT INTO `hro_def_column` (`columnId`, `accountId`, `corpId`, `tableId`, `nameDB`, `nameSys`, `nameZH`, `nameEN`, `groupId`, `isPrimaryKey`, `isForeignKey`, `isDBColumn`, `isRequired`, `displayType`, `columnIndex`, `inputType`, `valueType`, `optionType`, `optionValue`, `cssStyle`, `jsEvent`, `validateType`, `validateRequired`, `validateLength`, `validateRange`, `editable`, `useThinking`, `thinkingId`, `thinkingAction`, `useTitle`, `titleZH`, `titleEN`, `description`, `canImport`, `deleted`, `status`, `remark1`, `remark2`, `remark3`, `remark4`, `remark5`, `createBy`, `createDate`, `modifyBy`, `modifyDate`) VALUES ('11300', '1', NULL, '69', 'healthCardNo', '健康证号', '健康证号', 'Health Card No', '12', '0', '0', '1', '2', '1', '57', '1', '2', '0', NULL, NULL, NULL, '0', NULL, '0_0', '0_0', '1', '2', NULL, NULL, '0', NULL, NULL, NULL, '1', '1', '1', NULL, NULL, NULL, NULL, NULL, '1', '2015-01-09 14:40:41', '1', '2015-01-09 14:40:45');
INSERT INTO `hro_def_column` (`columnId`, `accountId`, `corpId`, `tableId`, `nameDB`, `nameSys`, `nameZH`, `nameEN`, `groupId`, `isPrimaryKey`, `isForeignKey`, `isDBColumn`, `isRequired`, `displayType`, `columnIndex`, `inputType`, `valueType`, `optionType`, `optionValue`, `cssStyle`, `jsEvent`, `validateType`, `validateRequired`, `validateLength`, `validateRange`, `editable`, `useThinking`, `thinkingId`, `thinkingAction`, `useTitle`, `titleZH`, `titleEN`, `description`, `canImport`, `deleted`, `status`, `remark1`, `remark2`, `remark3`, `remark4`, `remark5`, `createBy`, `createDate`, `modifyBy`, `modifyDate`) VALUES ('11301', '1', NULL, '69', 'healthCardStartDate', '健康证生效时间', '健康证生效时间', 'Health Card Start Date', '12', '0', '0', '1', '2', '1', '58', '1', '3', '0', '', '', '', '0', '', '0_0', '0_0', '1', '2', '', '', '0', '', '', '', '1', '1', '1', '', '', '', '', '', '1', '2015-01-09 14:40:41', '1', '2015-01-09 14:40:45');

---------------已刷新 hrm_p------------------======

# Add by siuvan 2015-01-16
# 加班最小单位
ALTER TABLE `hro_mgt_options`
ADD COLUMN `otMinUnit`  tinyint(4) NULL AFTER `independenceTax`;

## Add by siuvan 2015-01-20
## 员工>快速创建按钮权限（主键冲突请联系siuvan）
INSERT INTO `hro_sys_right` VALUES (50, 1, '快速创建', 'Quickly Create', 1, 1, NULL, NULL, NULL, NULL, NULL, '1', '2015-1-20 19:31:13', '1', '2015-1-20 19:37:40');


##添加批量离职
CREATE TABLE `hro_biz_employee_contract_resign` (
  `employeeContractResignId` int(11) NOT NULL AUTO_INCREMENT,
  `accountId` int(11) NOT NULL,
  `corpId` int(11) DEFAULT NULL,
  `batchId` int(11) NOT NULL,
  `contractId` int(11) NOT NULL,
  `employeeId` int(11) DEFAULT NULL,
  `startDate` datetime DEFAULT NULL,
  `resignDate` datetime DEFAULT NULL,
  `flag` tinyint(4) DEFAULT NULL,
  `employeeNameZH` varchar(50) DEFAULT NULL,
  `employeeNameEN` varchar(50) DEFAULT NULL,
  `certificateNumber` varchar(50) DEFAULT NULL,
  `employStatus` tinyint(4) DEFAULT NULL,
  `sb1Id` int(11) DEFAULT NULL,
  `sb1Name` varchar(50) DEFAULT NULL,
  `sb1StartDate` datetime DEFAULT NULL,
  `sb1EndDate` datetime DEFAULT NULL,
  `sb2Id` int(11) DEFAULT NULL,
  `sb2Name` varchar(50) DEFAULT NULL,
  `sb2StartDate` datetime DEFAULT NULL,
  `sb2EndDate` datetime DEFAULT NULL,
  `sb3Id` int(11) DEFAULT NULL,
  `sb3Name` varchar(50) DEFAULT NULL,
  `sb3StartDate` datetime DEFAULT NULL,
  `sb3EndDate` datetime DEFAULT NULL,
  `cb1Id` int(11) DEFAULT NULL,
  `cb1Name` varchar(50) DEFAULT NULL,
  `cb1StartDate` datetime DEFAULT NULL,
  `cb1EndDate` datetime DEFAULT NULL,
  `cb2Id` int(11) DEFAULT NULL,
  `cb2Name` varchar(50) DEFAULT NULL,
  `cb2StartDate` datetime DEFAULT NULL,
  `cb2EndDate` datetime DEFAULT NULL,
  `deleted` tinyint(4) DEFAULT NULL,
  `status` tinyint(4) DEFAULT NULL,
  `remark1` varchar(5000) DEFAULT NULL,
  `remark2` varchar(1000) DEFAULT NULL,
  `remark3` varchar(1000) DEFAULT NULL,
  `remark4` varchar(1000) DEFAULT NULL,
  `remark5` varchar(1000) DEFAULT NULL,
  `createBy` varchar(25) DEFAULT NULL,
  `createDate` datetime DEFAULT NULL,
  `modifyBy` varchar(25) DEFAULT NULL,
  `modifyDate` datetime DEFAULT NULL,
  PRIMARY KEY (`employeeContractResignId`)
) ENGINE=InnoDB AUTO_INCREMENT=41 DEFAULT CHARSET=gbk;


INSERT INTO `hro_sys_module` (`moduleId`, `moduleName`, `ModuleFlag`, `nameZH`, `nameEN`, `titleZH`, `titleEN`, `role`, `property`, `moduleType`, `accessAction`, `accessName`, `defaultAction`, `listAction`, `newAction`, `toNewAction`, `modifyAction`, `toModifyAction`, `deleteAction`, `deletesAction`, `parentModuleId`, `levelOneModuleName`, `levelTwoModuleName`, `levelThreeModuleName`, `moduleIndex`, `rightIds`, `ruleIds`, `description`, `deleted`, `status`, `remark1`, `remark2`, `remark3`, `remark4`, `remark5`, `createBy`, `createDate`, `modifyBy`, `modifyDate`) VALUES ('1129', 'menu_employee_Contract_Resign', '1', '批量离职', 'Employee Contract Resion', '批量离职', 'Employee Contract Resion', '0', 'N/A', '9', 'HRO_BIZ_EMPLOYEE_CONTRACT_RESIGN', NULL, 'employeeContractResignImportAction.do?proc=list_object', 'employeeContractResignImportAction.do?proc=list_object', '', '', '', '', 'employeeContractResignImportAction.do?proc=delete_object', 'employeeContractResignImportAction.do?proc=delete_objectList', '465', 'menu_employee_Modules', 'menu_employee_Import', 'menu_employee_import_resign', '468', '{2:5:6:14:26:28}', '', '', '1', '1', NULL, NULL, NULL, NULL, NULL, '1', '2014-07-23 21:38:45', '1', '2014-07-23 21:38:45');
INSERT INTO `hro_def_table` (`tableId`, `accountId`, `corpId`, `nameZH`, `nameEN`, `tableType`, `tableIndex`, `moduleType`, `accessAction`, `accessName`, `accessTempName`, `linkedTableIds`, `role`, `canManager`, `canList`, `canSearch`, `canReport`, `canImport`, `className`, `description`, `deleted`, `status`, `remark1`, `remark2`, `remark3`, `remark4`, `remark5`, `createBy`, `createDate`, `modifyBy`, `modifyDate`) VALUES ('117', '1', NULL, '员工 - 批量离职', 'Batch resignation', '1', '100', '9', 'HRO_BIZ_EMPLOYEE_CONTRACT_RESIGN', 'HRO_BIZ_EMPLOYEE_CONTRACT_RESIGN', '', '', '0', '1', '1', '1', '2', '1', '', '', '1', '1', '', '', '', '', '', '1', '2014-07-23 20:06:47', '1', '2014-07-23 20:15:16');

INSERT INTO `hro_def_column` (`columnId`, `accountId`, `corpId`, `tableId`, `nameDB`, `nameSys`, `nameZH`, `nameEN`, `groupId`, `isPrimaryKey`, `isForeignKey`, `isDBColumn`, `isRequired`, `displayType`, `columnIndex`, `inputType`, `valueType`, `optionType`, `optionValue`, `cssStyle`, `jsEvent`, `validateType`, `validateRequired`, `validateLength`, `validateRange`, `editable`, `useThinking`, `thinkingId`, `thinkingAction`, `useTitle`, `titleZH`, `titleEN`, `description`, `canImport`, `deleted`, `status`, `remark1`, `remark2`, `remark3`, `remark4`, `remark5`, `createBy`, `createDate`, `modifyBy`, `modifyDate`) VALUES ('11333', '1', NULL, '117', 'employeeContractResignId', '批量离职ID', '批量离职ID', 'Employee Contract Resign ID', '1', '1', '0', '1', '2', '1', '100', '1', '2', '0', '', '', '', '1', '', '0_10', '0_0', '2', '2', '', '', '0', '', '', '', '1', '1', '1', '', '', '', '', NULL, '1', '2015-01-15 17:44:11', '1', '2015-01-15 17:44:13');
INSERT INTO `hro_def_column` (`columnId`, `accountId`, `corpId`, `tableId`, `nameDB`, `nameSys`, `nameZH`, `nameEN`, `groupId`, `isPrimaryKey`, `isForeignKey`, `isDBColumn`, `isRequired`, `displayType`, `columnIndex`, `inputType`, `valueType`, `optionType`, `optionValue`, `cssStyle`, `jsEvent`, `validateType`, `validateRequired`, `validateLength`, `validateRange`, `editable`, `useThinking`, `thinkingId`, `thinkingAction`, `useTitle`, `titleZH`, `titleEN`, `description`, `canImport`, `deleted`, `status`, `remark1`, `remark2`, `remark3`, `remark4`, `remark5`, `createBy`, `createDate`, `modifyBy`, `modifyDate`) VALUES ('11334', '1', NULL, '117', 'contractId', '合同ID', '合同ID', 'Contract ID', '1', '2', '0', '1', '2', '1', '100', '1', '2', '0', '', '', '', '1', '', '0_10', '0_0', '1', '2', '', '', '0', '', '', '', '1', '1', '1', '', '', '', '', NULL, '1', '2015-01-15 17:44:11', '1', '2015-01-15 17:44:13');
INSERT INTO `hro_def_column` (`columnId`, `accountId`, `corpId`, `tableId`, `nameDB`, `nameSys`, `nameZH`, `nameEN`, `groupId`, `isPrimaryKey`, `isForeignKey`, `isDBColumn`, `isRequired`, `displayType`, `columnIndex`, `inputType`, `valueType`, `optionType`, `optionValue`, `cssStyle`, `jsEvent`, `validateType`, `validateRequired`, `validateLength`, `validateRange`, `editable`, `useThinking`, `thinkingId`, `thinkingAction`, `useTitle`, `titleZH`, `titleEN`, `description`, `canImport`, `deleted`, `status`, `remark1`, `remark2`, `remark3`, `remark4`, `remark5`, `createBy`, `createDate`, `modifyBy`, `modifyDate`) VALUES ('11335', '1', NULL, '117', 'employeeId', '员工ID', '员工ID', 'Employee ID', '1', '0', '0', '1', '2', '1', '100', '1', '2', '0', '', '', '', '1', '', '0_10', '0_0', '1', '2', '', '', '0', '', '', '', '1', '1', '1', '', '', '', '', NULL, '1', '2015-01-15 00:00:00', '1', '2015-01-15 00:00:00');
INSERT INTO `hro_def_column` (`columnId`, `accountId`, `corpId`, `tableId`, `nameDB`, `nameSys`, `nameZH`, `nameEN`, `groupId`, `isPrimaryKey`, `isForeignKey`, `isDBColumn`, `isRequired`, `displayType`, `columnIndex`, `inputType`, `valueType`, `optionType`, `optionValue`, `cssStyle`, `jsEvent`, `validateType`, `validateRequired`, `validateLength`, `validateRange`, `editable`, `useThinking`, `thinkingId`, `thinkingAction`, `useTitle`, `titleZH`, `titleEN`, `description`, `canImport`, `deleted`, `status`, `remark1`, `remark2`, `remark3`, `remark4`, `remark5`, `createBy`, `createDate`, `modifyBy`, `modifyDate`) VALUES ('11336', '1', NULL, '117', 'startDate', '合同开始时间', '合同开始时间', 'Start Date', '1', '2', '0', '1', '2', '1', '100', '1', '3', '0', '', '', '', '0', '', '0_0', '0_0', '1', '2', '', '', '0', '', '', '', '1', '1', '1', '', '', '', '', NULL, '1', '2015-01-15 00:00:00', '1', '2015-01-15 00:00:00');
INSERT INTO `hro_def_column` (`columnId`, `accountId`, `corpId`, `tableId`, `nameDB`, `nameSys`, `nameZH`, `nameEN`, `groupId`, `isPrimaryKey`, `isForeignKey`, `isDBColumn`, `isRequired`, `displayType`, `columnIndex`, `inputType`, `valueType`, `optionType`, `optionValue`, `cssStyle`, `jsEvent`, `validateType`, `validateRequired`, `validateLength`, `validateRange`, `editable`, `useThinking`, `thinkingId`, `thinkingAction`, `useTitle`, `titleZH`, `titleEN`, `description`, `canImport`, `deleted`, `status`, `remark1`, `remark2`, `remark3`, `remark4`, `remark5`, `createBy`, `createDate`, `modifyBy`, `modifyDate`) VALUES ('11337', '1', NULL, '117', 'resignDate', '离职日期', '离职日期', 'Resign Date', '1', '2', '0', '1', '2', '1', '100', '1', '3', '0', '', '', '', '0', '', '0_0', '0_0', '1', '2', '', '', '0', '', '', '', '1', '1', '1', '', '', '', '', NULL, '1', '2015-01-15 00:00:00', '1', '2015-01-15 00:00:00');
INSERT INTO `hro_def_column` (`columnId`, `accountId`, `corpId`, `tableId`, `nameDB`, `nameSys`, `nameZH`, `nameEN`, `groupId`, `isPrimaryKey`, `isForeignKey`, `isDBColumn`, `isRequired`, `displayType`, `columnIndex`, `inputType`, `valueType`, `optionType`, `optionValue`, `cssStyle`, `jsEvent`, `validateType`, `validateRequired`, `validateLength`, `validateRange`, `editable`, `useThinking`, `thinkingId`, `thinkingAction`, `useTitle`, `titleZH`, `titleEN`, `description`, `canImport`, `deleted`, `status`, `remark1`, `remark2`, `remark3`, `remark4`, `remark5`, `createBy`, `createDate`, `modifyBy`, `modifyDate`) VALUES ('11338', '1', NULL, '117', 'flag', '劳动合同/派送协议', '劳动合同/派送协议', 'Flag', '1', '2', '0', '1', '2', '1', '100', '1', '2', '0', '', '', '', '0', '', '0_0', '0_0', '1', '2', '', '', '0', '', '', '', '1', '1', '1', '', '', '', '', NULL, '1', '2015-01-15 00:00:00', '1', '2015-01-15 00:00:00');
INSERT INTO `hro_def_column` (`columnId`, `accountId`, `corpId`, `tableId`, `nameDB`, `nameSys`, `nameZH`, `nameEN`, `groupId`, `isPrimaryKey`, `isForeignKey`, `isDBColumn`, `isRequired`, `displayType`, `columnIndex`, `inputType`, `valueType`, `optionType`, `optionValue`, `cssStyle`, `jsEvent`, `validateType`, `validateRequired`, `validateLength`, `validateRange`, `editable`, `useThinking`, `thinkingId`, `thinkingAction`, `useTitle`, `titleZH`, `titleEN`, `description`, `canImport`, `deleted`, `status`, `remark1`, `remark2`, `remark3`, `remark4`, `remark5`, `createBy`, `createDate`, `modifyBy`, `modifyDate`) VALUES ('11339', '1', NULL, '117', 'employeeNameZH', '员工中文名', '员工中文名', 'Employee Name(ZH)', '1', '2', '0', '1', '2', '1', '100', '1', '2', '0', '', '', '', '0', '', '0_0', '0_0', '1', '2', '', '', '0', '', '', '', '1', '1', '1', '', '', '', '', NULL, '1', '2015-01-15 00:00:00', '1', '2015-01-15 00:00:00');
INSERT INTO `hro_def_column` (`columnId`, `accountId`, `corpId`, `tableId`, `nameDB`, `nameSys`, `nameZH`, `nameEN`, `groupId`, `isPrimaryKey`, `isForeignKey`, `isDBColumn`, `isRequired`, `displayType`, `columnIndex`, `inputType`, `valueType`, `optionType`, `optionValue`, `cssStyle`, `jsEvent`, `validateType`, `validateRequired`, `validateLength`, `validateRange`, `editable`, `useThinking`, `thinkingId`, `thinkingAction`, `useTitle`, `titleZH`, `titleEN`, `description`, `canImport`, `deleted`, `status`, `remark1`, `remark2`, `remark3`, `remark4`, `remark5`, `createBy`, `createDate`, `modifyBy`, `modifyDate`) VALUES ('11340', '1', NULL, '117', 'employeeNameEN', '员工英文名', '员工英文名', 'Employee Name(EN)', '1', '2', '0', '1', '2', '1', '100', '1', '2', '0', '', '', '', '0', '', '0_0', '0_0', '1', '2', '', '', '0', '', '', '', '1', '1', '1', '', '', '', '', NULL, '1', '2015-01-15 00:00:00', '1', '2015-01-15 00:00:00');
INSERT INTO `hro_def_column` (`columnId`, `accountId`, `corpId`, `tableId`, `nameDB`, `nameSys`, `nameZH`, `nameEN`, `groupId`, `isPrimaryKey`, `isForeignKey`, `isDBColumn`, `isRequired`, `displayType`, `columnIndex`, `inputType`, `valueType`, `optionType`, `optionValue`, `cssStyle`, `jsEvent`, `validateType`, `validateRequired`, `validateLength`, `validateRange`, `editable`, `useThinking`, `thinkingId`, `thinkingAction`, `useTitle`, `titleZH`, `titleEN`, `description`, `canImport`, `deleted`, `status`, `remark1`, `remark2`, `remark3`, `remark4`, `remark5`, `createBy`, `createDate`, `modifyBy`, `modifyDate`) VALUES ('11341', '1', NULL, '117', 'certificateNumber', '证件号码', '证件号码', 'Certificate Number', '1', '2', '0', '1', '2', '1', '100', '1', '2', '0', '', '', '', '0', '', '0_0', '0_0', '1', '2', '', '', '0', '', '', '', '1', '1', '1', '', '', '', '', NULL, '1', '2015-01-15 00:00:00', '1', '2015-01-15 00:00:00');
INSERT INTO `hro_def_column` (`columnId`, `accountId`, `corpId`, `tableId`, `nameDB`, `nameSys`, `nameZH`, `nameEN`, `groupId`, `isPrimaryKey`, `isForeignKey`, `isDBColumn`, `isRequired`, `displayType`, `columnIndex`, `inputType`, `valueType`, `optionType`, `optionValue`, `cssStyle`, `jsEvent`, `validateType`, `validateRequired`, `validateLength`, `validateRange`, `editable`, `useThinking`, `thinkingId`, `thinkingAction`, `useTitle`, `titleZH`, `titleEN`, `description`, `canImport`, `deleted`, `status`, `remark1`, `remark2`, `remark3`, `remark4`, `remark5`, `createBy`, `createDate`, `modifyBy`, `modifyDate`) VALUES ('11342', '1', NULL, '117', 'employStatus', '员工状态', '员工状态', 'Employ Status', '1', '2', '0', '1', '2', '1', '100', '2', '2', '1', '67', '', '', '0', '', '0_0', '0_0', '1', '2', '', '', '0', '', '', '', '1', '1', '1', '', '', '', '', NULL, '1', '2015-01-15 00:00:00', '1', '2015-01-15 00:00:00');
INSERT INTO `hro_def_column` (`columnId`, `accountId`, `corpId`, `tableId`, `nameDB`, `nameSys`, `nameZH`, `nameEN`, `groupId`, `isPrimaryKey`, `isForeignKey`, `isDBColumn`, `isRequired`, `displayType`, `columnIndex`, `inputType`, `valueType`, `optionType`, `optionValue`, `cssStyle`, `jsEvent`, `validateType`, `validateRequired`, `validateLength`, `validateRange`, `editable`, `useThinking`, `thinkingId`, `thinkingAction`, `useTitle`, `titleZH`, `titleEN`, `description`, `canImport`, `deleted`, `status`, `remark1`, `remark2`, `remark3`, `remark4`, `remark5`, `createBy`, `createDate`, `modifyBy`, `modifyDate`) VALUES ('11343', '1', NULL, '117', 'sb1Id', '社保方案1ID', '社保方案1ID', 'Social Benefit ID(1)', '1', '2', '0', '1', '2', '1', '100', '2', '2', '2', '76', '', '', '1', '', '0_10', '0_0', '1', '2', '', '', '0', '', '', '', '1', '1', '1', '', '', '', '', NULL, '1', '2015-01-15 00:00:00', '1', '2015-01-15 00:00:00');
INSERT INTO `hro_def_column` (`columnId`, `accountId`, `corpId`, `tableId`, `nameDB`, `nameSys`, `nameZH`, `nameEN`, `groupId`, `isPrimaryKey`, `isForeignKey`, `isDBColumn`, `isRequired`, `displayType`, `columnIndex`, `inputType`, `valueType`, `optionType`, `optionValue`, `cssStyle`, `jsEvent`, `validateType`, `validateRequired`, `validateLength`, `validateRange`, `editable`, `useThinking`, `thinkingId`, `thinkingAction`, `useTitle`, `titleZH`, `titleEN`, `description`, `canImport`, `deleted`, `status`, `remark1`, `remark2`, `remark3`, `remark4`, `remark5`, `createBy`, `createDate`, `modifyBy`, `modifyDate`) VALUES ('11344', '1', NULL, '117', 'sb1Name', '社保方案1名称', '社保方案1名称', 'Social Benefit Name(1)', '1', '2', '0', '1', '2', '1', '100', '1', '2', '0', '', '', '', '0', '', '0_0', '0_0', '1', '2', '', '', '0', '', '', '', '1', '1', '1', '', '', '', '', NULL, '1', '2015-01-15 00:00:00', '1', '2015-01-15 00:00:00');
INSERT INTO `hro_def_column` (`columnId`, `accountId`, `corpId`, `tableId`, `nameDB`, `nameSys`, `nameZH`, `nameEN`, `groupId`, `isPrimaryKey`, `isForeignKey`, `isDBColumn`, `isRequired`, `displayType`, `columnIndex`, `inputType`, `valueType`, `optionType`, `optionValue`, `cssStyle`, `jsEvent`, `validateType`, `validateRequired`, `validateLength`, `validateRange`, `editable`, `useThinking`, `thinkingId`, `thinkingAction`, `useTitle`, `titleZH`, `titleEN`, `description`, `canImport`, `deleted`, `status`, `remark1`, `remark2`, `remark3`, `remark4`, `remark5`, `createBy`, `createDate`, `modifyBy`, `modifyDate`) VALUES ('11345', '1', NULL, '117', 'sb1StartDate', '社保方案1开始时间', '社保方案1开始时间', 'Social Benefit Start Date(1)', '1', '2', '0', '1', '2', '1', '100', '1', '3', '0', '', '', '', '0', '', '0_0', '0_0', '1', '2', '', '', '0', '', '', '', '1', '1', '1', '', '', '', '', NULL, '1', '2015-01-15 00:00:00', '1', '2015-01-15 00:00:00');
INSERT INTO `hro_def_column` (`columnId`, `accountId`, `corpId`, `tableId`, `nameDB`, `nameSys`, `nameZH`, `nameEN`, `groupId`, `isPrimaryKey`, `isForeignKey`, `isDBColumn`, `isRequired`, `displayType`, `columnIndex`, `inputType`, `valueType`, `optionType`, `optionValue`, `cssStyle`, `jsEvent`, `validateType`, `validateRequired`, `validateLength`, `validateRange`, `editable`, `useThinking`, `thinkingId`, `thinkingAction`, `useTitle`, `titleZH`, `titleEN`, `description`, `canImport`, `deleted`, `status`, `remark1`, `remark2`, `remark3`, `remark4`, `remark5`, `createBy`, `createDate`, `modifyBy`, `modifyDate`) VALUES ('11346', '1', NULL, '117', 'sb1EndDate', '社保方案1结束时间', '社保方案1结束时间', 'Social Benefit End Date(1)', '1', '2', '0', '1', '2', '1', '100', '1', '3', '0', '', '', '', '0', '', '0_0', '0_0', '1', '2', '', '', '0', '', '', '', '1', '1', '1', '', '', '', '', NULL, '1', '2015-01-15 00:00:00', '1', '2015-01-15 00:00:00');
INSERT INTO `hro_def_column` (`columnId`, `accountId`, `corpId`, `tableId`, `nameDB`, `nameSys`, `nameZH`, `nameEN`, `groupId`, `isPrimaryKey`, `isForeignKey`, `isDBColumn`, `isRequired`, `displayType`, `columnIndex`, `inputType`, `valueType`, `optionType`, `optionValue`, `cssStyle`, `jsEvent`, `validateType`, `validateRequired`, `validateLength`, `validateRange`, `editable`, `useThinking`, `thinkingId`, `thinkingAction`, `useTitle`, `titleZH`, `titleEN`, `description`, `canImport`, `deleted`, `status`, `remark1`, `remark2`, `remark3`, `remark4`, `remark5`, `createBy`, `createDate`, `modifyBy`, `modifyDate`) VALUES ('11347', '1', NULL, '117', 'sb2Id', '社保方案2ID', '社保方案2ID', 'Social Benefit ID(2)', '1', '2', '0', '1', '2', '1', '100', '2', '2', '2', '76', '', '', '1', '', '0_10', '0_0', '1', '2', '', '', '0', '', '', '', '1', '1', '1', '', '', '', '', NULL, '1', '2015-01-15 00:00:00', '1', '2015-01-15 00:00:00');
INSERT INTO `hro_def_column` (`columnId`, `accountId`, `corpId`, `tableId`, `nameDB`, `nameSys`, `nameZH`, `nameEN`, `groupId`, `isPrimaryKey`, `isForeignKey`, `isDBColumn`, `isRequired`, `displayType`, `columnIndex`, `inputType`, `valueType`, `optionType`, `optionValue`, `cssStyle`, `jsEvent`, `validateType`, `validateRequired`, `validateLength`, `validateRange`, `editable`, `useThinking`, `thinkingId`, `thinkingAction`, `useTitle`, `titleZH`, `titleEN`, `description`, `canImport`, `deleted`, `status`, `remark1`, `remark2`, `remark3`, `remark4`, `remark5`, `createBy`, `createDate`, `modifyBy`, `modifyDate`) VALUES ('11348', '1', NULL, '117', 'sb2Name', '社保方案2名称', '社保方案2名称', 'Social Benefit Name(2)', '1', '2', '0', '1', '2', '1', '100', '1', '2', '0', '', '', '', '0', '', '0_0', '0_0', '1', '2', '', '', '0', '', '', '', '1', '1', '1', '', '', '', '', NULL, '1', '2015-01-15 00:00:00', '1', '2015-01-15 00:00:00');
INSERT INTO `hro_def_column` (`columnId`, `accountId`, `corpId`, `tableId`, `nameDB`, `nameSys`, `nameZH`, `nameEN`, `groupId`, `isPrimaryKey`, `isForeignKey`, `isDBColumn`, `isRequired`, `displayType`, `columnIndex`, `inputType`, `valueType`, `optionType`, `optionValue`, `cssStyle`, `jsEvent`, `validateType`, `validateRequired`, `validateLength`, `validateRange`, `editable`, `useThinking`, `thinkingId`, `thinkingAction`, `useTitle`, `titleZH`, `titleEN`, `description`, `canImport`, `deleted`, `status`, `remark1`, `remark2`, `remark3`, `remark4`, `remark5`, `createBy`, `createDate`, `modifyBy`, `modifyDate`) VALUES ('11349', '1', NULL, '117', 'sb2StartDate', '社保方案2开始时间', '社保方案2开始时间', 'Social Benefit Start Date(2)', '1', '2', '0', '1', '2', '1', '100', '1', '3', '0', '', '', '', '0', '', '0_0', '0_0', '1', '2', '', '', '0', '', '', '', '1', '1', '1', '', '', '', '', NULL, '1', '2015-01-15 00:00:00', '1', '2015-01-15 00:00:00');
INSERT INTO `hro_def_column` (`columnId`, `accountId`, `corpId`, `tableId`, `nameDB`, `nameSys`, `nameZH`, `nameEN`, `groupId`, `isPrimaryKey`, `isForeignKey`, `isDBColumn`, `isRequired`, `displayType`, `columnIndex`, `inputType`, `valueType`, `optionType`, `optionValue`, `cssStyle`, `jsEvent`, `validateType`, `validateRequired`, `validateLength`, `validateRange`, `editable`, `useThinking`, `thinkingId`, `thinkingAction`, `useTitle`, `titleZH`, `titleEN`, `description`, `canImport`, `deleted`, `status`, `remark1`, `remark2`, `remark3`, `remark4`, `remark5`, `createBy`, `createDate`, `modifyBy`, `modifyDate`) VALUES ('11350', '1', NULL, '117', 'sb2EndDate', '社保方案2结束时间', '社保方案2结束时间', 'Social Benefit End Date(2)', '1', '2', '0', '1', '2', '1', '100', '1', '3', '0', '', '', '', '0', '', '0_0', '0_0', '1', '2', '', '', '0', '', '', '', '1', '1', '1', '', '', '', '', NULL, '1', '2015-01-15 00:00:00', '1', '2015-01-15 00:00:00');
INSERT INTO `hro_def_column` (`columnId`, `accountId`, `corpId`, `tableId`, `nameDB`, `nameSys`, `nameZH`, `nameEN`, `groupId`, `isPrimaryKey`, `isForeignKey`, `isDBColumn`, `isRequired`, `displayType`, `columnIndex`, `inputType`, `valueType`, `optionType`, `optionValue`, `cssStyle`, `jsEvent`, `validateType`, `validateRequired`, `validateLength`, `validateRange`, `editable`, `useThinking`, `thinkingId`, `thinkingAction`, `useTitle`, `titleZH`, `titleEN`, `description`, `canImport`, `deleted`, `status`, `remark1`, `remark2`, `remark3`, `remark4`, `remark5`, `createBy`, `createDate`, `modifyBy`, `modifyDate`) VALUES ('11351', '1', NULL, '117', 'sb3Id', '社保方案3ID', '社保方案3ID', 'Social Benefit ID(3)', '1', '2', '0', '1', '2', '1', '100', '2', '2', '2', '76', '', '', '1', '', '0_10', '0_0', '1', '2', '', '', '0', '', '', '', '1', '1', '1', '', '', '', '', NULL, '1', '2015-01-15 00:00:00', '1', '2015-01-15 00:00:00');
INSERT INTO `hro_def_column` (`columnId`, `accountId`, `corpId`, `tableId`, `nameDB`, `nameSys`, `nameZH`, `nameEN`, `groupId`, `isPrimaryKey`, `isForeignKey`, `isDBColumn`, `isRequired`, `displayType`, `columnIndex`, `inputType`, `valueType`, `optionType`, `optionValue`, `cssStyle`, `jsEvent`, `validateType`, `validateRequired`, `validateLength`, `validateRange`, `editable`, `useThinking`, `thinkingId`, `thinkingAction`, `useTitle`, `titleZH`, `titleEN`, `description`, `canImport`, `deleted`, `status`, `remark1`, `remark2`, `remark3`, `remark4`, `remark5`, `createBy`, `createDate`, `modifyBy`, `modifyDate`) VALUES ('11352', '1', NULL, '117', 'sb3Name', '社保方案3名称', '社保方案3名称', 'Social Benefit Name(3)', '1', '2', '0', '1', '2', '1', '100', '1', '2', '0', '', '', '', '0', '', '0_0', '0_0', '1', '2', '', '', '0', '', '', '', '1', '1', '1', '', '', '', '', NULL, '1', '2015-01-15 00:00:00', '1', '2015-01-15 00:00:00');
INSERT INTO `hro_def_column` (`columnId`, `accountId`, `corpId`, `tableId`, `nameDB`, `nameSys`, `nameZH`, `nameEN`, `groupId`, `isPrimaryKey`, `isForeignKey`, `isDBColumn`, `isRequired`, `displayType`, `columnIndex`, `inputType`, `valueType`, `optionType`, `optionValue`, `cssStyle`, `jsEvent`, `validateType`, `validateRequired`, `validateLength`, `validateRange`, `editable`, `useThinking`, `thinkingId`, `thinkingAction`, `useTitle`, `titleZH`, `titleEN`, `description`, `canImport`, `deleted`, `status`, `remark1`, `remark2`, `remark3`, `remark4`, `remark5`, `createBy`, `createDate`, `modifyBy`, `modifyDate`) VALUES ('11353', '1', NULL, '117', 'sb3StartDate', '社保方案3开始时间', '社保方案3开始时间', 'Social Benefit Start Date(3)', '1', '2', '0', '1', '2', '1', '100', '1', '3', '0', '', '', '', '0', '', '0_0', '0_0', '1', '2', '', '', '0', '', '', '', '1', '1', '1', '', '', '', '', NULL, '1', '2015-01-15 00:00:00', '1', '2015-01-15 00:00:00');
INSERT INTO `hro_def_column` (`columnId`, `accountId`, `corpId`, `tableId`, `nameDB`, `nameSys`, `nameZH`, `nameEN`, `groupId`, `isPrimaryKey`, `isForeignKey`, `isDBColumn`, `isRequired`, `displayType`, `columnIndex`, `inputType`, `valueType`, `optionType`, `optionValue`, `cssStyle`, `jsEvent`, `validateType`, `validateRequired`, `validateLength`, `validateRange`, `editable`, `useThinking`, `thinkingId`, `thinkingAction`, `useTitle`, `titleZH`, `titleEN`, `description`, `canImport`, `deleted`, `status`, `remark1`, `remark2`, `remark3`, `remark4`, `remark5`, `createBy`, `createDate`, `modifyBy`, `modifyDate`) VALUES ('11354', '1', NULL, '117', 'sb3EndDate', '社保方案3结束时间', '社保方案3结束时间', 'Social Benefit End Date(3)', '1', '2', '0', '1', '2', '1', '100', '1', '3', '0', '', '', '', '0', '', '0_0', '0_0', '1', '2', '', '', '0', '', '', '', '1', '1', '1', '', '', '', '', NULL, '1', '2015-01-15 00:00:00', '1', '2015-01-15 00:00:00');
INSERT INTO `hro_def_column` (`columnId`, `accountId`, `corpId`, `tableId`, `nameDB`, `nameSys`, `nameZH`, `nameEN`, `groupId`, `isPrimaryKey`, `isForeignKey`, `isDBColumn`, `isRequired`, `displayType`, `columnIndex`, `inputType`, `valueType`, `optionType`, `optionValue`, `cssStyle`, `jsEvent`, `validateType`, `validateRequired`, `validateLength`, `validateRange`, `editable`, `useThinking`, `thinkingId`, `thinkingAction`, `useTitle`, `titleZH`, `titleEN`, `description`, `canImport`, `deleted`, `status`, `remark1`, `remark2`, `remark3`, `remark4`, `remark5`, `createBy`, `createDate`, `modifyBy`, `modifyDate`) VALUES ('11355', '1', NULL, '117', 'cb1Id', '商保方案1ID', '商保方案1ID', 'Commercial Benefit ID(1)', '1', '2', '0', '1', '2', '1', '100', '2', '2', '2', '77', '', '', '1', '', '0_10', '0_0', '1', '2', '', '', '0', '', '', '', '1', '1', '1', '', '', '', '', NULL, '1', '2015-01-15 00:00:00', '1', '2015-01-15 00:00:00');
INSERT INTO `hro_def_column` (`columnId`, `accountId`, `corpId`, `tableId`, `nameDB`, `nameSys`, `nameZH`, `nameEN`, `groupId`, `isPrimaryKey`, `isForeignKey`, `isDBColumn`, `isRequired`, `displayType`, `columnIndex`, `inputType`, `valueType`, `optionType`, `optionValue`, `cssStyle`, `jsEvent`, `validateType`, `validateRequired`, `validateLength`, `validateRange`, `editable`, `useThinking`, `thinkingId`, `thinkingAction`, `useTitle`, `titleZH`, `titleEN`, `description`, `canImport`, `deleted`, `status`, `remark1`, `remark2`, `remark3`, `remark4`, `remark5`, `createBy`, `createDate`, `modifyBy`, `modifyDate`) VALUES ('11356', '1', NULL, '117', 'cb1Name', '商保方案1名称', '商保方案1名称', 'Commercial Benefit Name(1)', '1', '2', '0', '1', '2', '1', '100', '1', '2', '0', '', '', '', '0', '', '0_0', '0_0', '1', '2', '', '', '0', '', '', '', '1', '1', '1', '', '', '', '', NULL, '1', '2015-01-15 00:00:00', '1', '2015-01-15 00:00:00');
INSERT INTO `hro_def_column` (`columnId`, `accountId`, `corpId`, `tableId`, `nameDB`, `nameSys`, `nameZH`, `nameEN`, `groupId`, `isPrimaryKey`, `isForeignKey`, `isDBColumn`, `isRequired`, `displayType`, `columnIndex`, `inputType`, `valueType`, `optionType`, `optionValue`, `cssStyle`, `jsEvent`, `validateType`, `validateRequired`, `validateLength`, `validateRange`, `editable`, `useThinking`, `thinkingId`, `thinkingAction`, `useTitle`, `titleZH`, `titleEN`, `description`, `canImport`, `deleted`, `status`, `remark1`, `remark2`, `remark3`, `remark4`, `remark5`, `createBy`, `createDate`, `modifyBy`, `modifyDate`) VALUES ('11357', '1', NULL, '117', 'cb1StartDate', '商保方案1开始日期', '商保方案1开始日期', 'Commercial Benefit Start Date(1)', '1', '2', '0', '1', '2', '1', '100', '1', '3', '0', '', '', '', '0', '', '0_0', '0_0', '1', '2', '', '', '0', '', '', '', '1', '1', '1', '', '', '', '', NULL, '1', '2015-01-15 00:00:00', '1', '2015-01-15 00:00:00');
INSERT INTO `hro_def_column` (`columnId`, `accountId`, `corpId`, `tableId`, `nameDB`, `nameSys`, `nameZH`, `nameEN`, `groupId`, `isPrimaryKey`, `isForeignKey`, `isDBColumn`, `isRequired`, `displayType`, `columnIndex`, `inputType`, `valueType`, `optionType`, `optionValue`, `cssStyle`, `jsEvent`, `validateType`, `validateRequired`, `validateLength`, `validateRange`, `editable`, `useThinking`, `thinkingId`, `thinkingAction`, `useTitle`, `titleZH`, `titleEN`, `description`, `canImport`, `deleted`, `status`, `remark1`, `remark2`, `remark3`, `remark4`, `remark5`, `createBy`, `createDate`, `modifyBy`, `modifyDate`) VALUES ('11358', '1', NULL, '117', 'cb1EndDate', '商保方案1结束日期', '商保方案1结束日期', 'Commercial Benefit End Date(1)', '1', '2', '0', '1', '2', '1', '100', '1', '3', '0', '', '', '', '0', '', '0_0', '0_0', '1', '2', '', '', '0', '', '', '', '1', '1', '1', '', '', '', '', NULL, '1', '2015-01-15 00:00:00', '1', '2015-01-15 00:00:00');
INSERT INTO `hro_def_column` (`columnId`, `accountId`, `corpId`, `tableId`, `nameDB`, `nameSys`, `nameZH`, `nameEN`, `groupId`, `isPrimaryKey`, `isForeignKey`, `isDBColumn`, `isRequired`, `displayType`, `columnIndex`, `inputType`, `valueType`, `optionType`, `optionValue`, `cssStyle`, `jsEvent`, `validateType`, `validateRequired`, `validateLength`, `validateRange`, `editable`, `useThinking`, `thinkingId`, `thinkingAction`, `useTitle`, `titleZH`, `titleEN`, `description`, `canImport`, `deleted`, `status`, `remark1`, `remark2`, `remark3`, `remark4`, `remark5`, `createBy`, `createDate`, `modifyBy`, `modifyDate`) VALUES ('11359', '1', NULL, '117', 'cb2Id', '商保方案2ID', '商保方案2ID', 'Commercial Benefit ID(2)', '1', '2', '0', '1', '2', '1', '100', '2', '2', '2', '77', '', '', '1', '', '0_10', '0_0', '1', '2', '', '', '0', '', '', '', '1', '1', '1', '', '', '', '', NULL, '1', '2015-01-15 00:00:00', '1', '2015-01-15 00:00:00');
INSERT INTO `hro_def_column` (`columnId`, `accountId`, `corpId`, `tableId`, `nameDB`, `nameSys`, `nameZH`, `nameEN`, `groupId`, `isPrimaryKey`, `isForeignKey`, `isDBColumn`, `isRequired`, `displayType`, `columnIndex`, `inputType`, `valueType`, `optionType`, `optionValue`, `cssStyle`, `jsEvent`, `validateType`, `validateRequired`, `validateLength`, `validateRange`, `editable`, `useThinking`, `thinkingId`, `thinkingAction`, `useTitle`, `titleZH`, `titleEN`, `description`, `canImport`, `deleted`, `status`, `remark1`, `remark2`, `remark3`, `remark4`, `remark5`, `createBy`, `createDate`, `modifyBy`, `modifyDate`) VALUES ('11360', '1', NULL, '117', 'cb2Name', '商保方案2名称', '商保方案2名称', 'Commercial Benefit Name(2)', '1', '2', '0', '1', '2', '1', '100', '1', '2', '0', '', '', '', '0', '', '0_0', '0_0', '1', '2', '', '', '0', '', '', '', '1', '1', '1', '', '', '', '', NULL, '1', '2015-01-15 00:00:00', '1', '2015-01-15 00:00:00');
INSERT INTO `hro_def_column` (`columnId`, `accountId`, `corpId`, `tableId`, `nameDB`, `nameSys`, `nameZH`, `nameEN`, `groupId`, `isPrimaryKey`, `isForeignKey`, `isDBColumn`, `isRequired`, `displayType`, `columnIndex`, `inputType`, `valueType`, `optionType`, `optionValue`, `cssStyle`, `jsEvent`, `validateType`, `validateRequired`, `validateLength`, `validateRange`, `editable`, `useThinking`, `thinkingId`, `thinkingAction`, `useTitle`, `titleZH`, `titleEN`, `description`, `canImport`, `deleted`, `status`, `remark1`, `remark2`, `remark3`, `remark4`, `remark5`, `createBy`, `createDate`, `modifyBy`, `modifyDate`) VALUES ('11361', '1', NULL, '117', 'cb2StartDate', '商保方案2开始日期', '商保方案2开始日期', 'Commercial Benefit Start Date(2)', '1', '2', '0', '1', '2', '1', '100', '1', '3', '0', '', '', '', '0', '', '0_0', '0_0', '1', '2', '', '', '0', '', '', '', '1', '1', '1', '', '', '', '', NULL, '1', '2015-01-15 00:00:00', '1', '2015-01-15 00:00:00');
INSERT INTO `hro_def_column` (`columnId`, `accountId`, `corpId`, `tableId`, `nameDB`, `nameSys`, `nameZH`, `nameEN`, `groupId`, `isPrimaryKey`, `isForeignKey`, `isDBColumn`, `isRequired`, `displayType`, `columnIndex`, `inputType`, `valueType`, `optionType`, `optionValue`, `cssStyle`, `jsEvent`, `validateType`, `validateRequired`, `validateLength`, `validateRange`, `editable`, `useThinking`, `thinkingId`, `thinkingAction`, `useTitle`, `titleZH`, `titleEN`, `description`, `canImport`, `deleted`, `status`, `remark1`, `remark2`, `remark3`, `remark4`, `remark5`, `createBy`, `createDate`, `modifyBy`, `modifyDate`) VALUES ('11362', '1', NULL, '117', 'cb2EndDate', '商保方案2结束日期', '商保方案2结束日期', 'Commercial Benefit End Date(2)', '1', '2', '0', '1', '2', '1', '100', '1', '3', '0', '', '', '', '0', '', '0_0', '0_0', '1', '2', '', '', '0', '', '', '', '1', '1', '1', '', '', '', '', NULL, '1', '2015-01-15 00:00:00', '1', '2015-01-15 00:00:00');

INSERT INTO `hro_def_import_header` (`importHeaderId`, `parentId`, `accountId`, `corpId`, `tableId`, `nameZH`, `nameEN`, `positionIds`, `positionGradeIds`, `positionGroupIds`, `needBatchId`, `matchConfig`, `handlerBeanId`, `description`, `deleted`, `status`, `remark1`, `remark2`, `remark3`, `remark4`, `remark5`, `createBy`, `createDate`, `modifyBy`, `modifyDate`) VALUES ('320', '0', '100017', '300115', '117', '员工 - 批量离职导入', 'Employee Contract Resion', '{611}', '', '', '1', '0', 'employeeContractResignImportHandlerImpl', '', '1', '2', '', '', '', '', '', '2', '2014-07-24 11:29:23', '251', '2014-07-24 16:34:36');

INSERT INTO `hro_def_import_detail` (`importDetailId`, `importHeaderId`, `columnId`, `nameZH`, `nameEN`, `isPrimaryKey`, `isForeignKey`, `columnWidth`, `columnIndex`, `fontSize`, `specialField`, `tempValue`, `isDecoded`, `isIgnoreDefaultValidate`, `datetimeFormat`, `accuracy`, `round`, `align`, `description`, `deleted`, `status`, `remark1`, `remark2`, `remark3`, `remark4`, `remark5`, `createBy`, `createDate`, `modifyBy`, `modifyDate`) VALUES ('13333', '320', '11334', '合同ID', 'Contract ID', '0', '0', '14', '100', '13', '0', '', '2', '1', '0', '0', '0', '1', '', '1', '1', '', '', '', '', '', '2', '2014-07-24 14:49:24', '2', '2014-07-24 14:49:24');
INSERT INTO `hro_def_import_detail` (`importDetailId`, `importHeaderId`, `columnId`, `nameZH`, `nameEN`, `isPrimaryKey`, `isForeignKey`, `columnWidth`, `columnIndex`, `fontSize`, `specialField`, `tempValue`, `isDecoded`, `isIgnoreDefaultValidate`, `datetimeFormat`, `accuracy`, `round`, `align`, `description`, `deleted`, `status`, `remark1`, `remark2`, `remark3`, `remark4`, `remark5`, `createBy`, `createDate`, `modifyBy`, `modifyDate`) VALUES ('13334', '320', '11337', '离职日期', 'Resign Date', NULL, NULL, '14', '100', '13', NULL, '2014-02-01', '2', '1', '', NULL, NULL, '1', '', '1', '1', '', '', '', '', '', '2', '2014-07-24 14:49:24', '2', '2014-07-24 14:49:24');
INSERT INTO `hro_def_import_detail` (`importDetailId`, `importHeaderId`, `columnId`, `nameZH`, `nameEN`, `isPrimaryKey`, `isForeignKey`, `columnWidth`, `columnIndex`, `fontSize`, `specialField`, `tempValue`, `isDecoded`, `isIgnoreDefaultValidate`, `datetimeFormat`, `accuracy`, `round`, `align`, `description`, `deleted`, `status`, `remark1`, `remark2`, `remark3`, `remark4`, `remark5`, `createBy`, `createDate`, `modifyBy`, `modifyDate`) VALUES ('13335', '320', '11342', '员工状态', 'Employ Status', NULL, NULL, '14', '100', '13', NULL, '', '2', '1', '', NULL, NULL, '1', '', '1', '1', '', '', '', '', '', '2', '2014-07-24 14:49:24', '2', '2014-07-24 14:49:24');
INSERT INTO `hro_def_import_detail` (`importDetailId`, `importHeaderId`, `columnId`, `nameZH`, `nameEN`, `isPrimaryKey`, `isForeignKey`, `columnWidth`, `columnIndex`, `fontSize`, `specialField`, `tempValue`, `isDecoded`, `isIgnoreDefaultValidate`, `datetimeFormat`, `accuracy`, `round`, `align`, `description`, `deleted`, `status`, `remark1`, `remark2`, `remark3`, `remark4`, `remark5`, `createBy`, `createDate`, `modifyBy`, `modifyDate`) VALUES ('13336', '320', '11346', '社保方案1结束时间', 'Social Benefit End Date(1)', NULL, NULL, '14', '100', '13', NULL, '2014-02-01', '2', NULL, '', NULL, NULL, '1', '', '1', '1', '', '', '', '', '', '2', '2014-07-24 14:49:24', '2', '2014-07-24 14:49:24');
INSERT INTO `hro_def_import_detail` (`importDetailId`, `importHeaderId`, `columnId`, `nameZH`, `nameEN`, `isPrimaryKey`, `isForeignKey`, `columnWidth`, `columnIndex`, `fontSize`, `specialField`, `tempValue`, `isDecoded`, `isIgnoreDefaultValidate`, `datetimeFormat`, `accuracy`, `round`, `align`, `description`, `deleted`, `status`, `remark1`, `remark2`, `remark3`, `remark4`, `remark5`, `createBy`, `createDate`, `modifyBy`, `modifyDate`) VALUES ('33337', '320', '11348', '社保方案2', 'Social Benefit (2)', NULL, NULL, '14', '100', '13', NULL, '', '2', NULL, '', NULL, NULL, '1', '', '1', '1', '', '', '', '', '', '2', '2014-07-24 14:49:24', '2', '2014-07-24 14:49:24');
INSERT INTO `hro_def_import_detail` (`importDetailId`, `importHeaderId`, `columnId`, `nameZH`, `nameEN`, `isPrimaryKey`, `isForeignKey`, `columnWidth`, `columnIndex`, `fontSize`, `specialField`, `tempValue`, `isDecoded`, `isIgnoreDefaultValidate`, `datetimeFormat`, `accuracy`, `round`, `align`, `description`, `deleted`, `status`, `remark1`, `remark2`, `remark3`, `remark4`, `remark5`, `createBy`, `createDate`, `modifyBy`, `modifyDate`) VALUES ('13338', '320', '11350', '社保方案2结束时间', 'Social Benefit End Date(2)', NULL, NULL, '14', '100', '13', NULL, '2014-02-01', '2', NULL, '', NULL, NULL, '1', '', '1', '1', '', '', '', '', '', '2', '2014-07-24 14:49:24', '2', '2014-07-24 14:49:24');
INSERT INTO `hro_def_import_detail` (`importDetailId`, `importHeaderId`, `columnId`, `nameZH`, `nameEN`, `isPrimaryKey`, `isForeignKey`, `columnWidth`, `columnIndex`, `fontSize`, `specialField`, `tempValue`, `isDecoded`, `isIgnoreDefaultValidate`, `datetimeFormat`, `accuracy`, `round`, `align`, `description`, `deleted`, `status`, `remark1`, `remark2`, `remark3`, `remark4`, `remark5`, `createBy`, `createDate`, `modifyBy`, `modifyDate`) VALUES ('13339', '320', '11352', '社保方案3', 'Social Benefit (3)', NULL, NULL, '14', '100', '13', NULL, '', '2', NULL, '', NULL, NULL, '1', '', '1', '1', '', '', '', '', '', '2', '2014-07-24 14:49:24', '2', '2014-07-24 14:49:24');
INSERT INTO `hro_def_import_detail` (`importDetailId`, `importHeaderId`, `columnId`, `nameZH`, `nameEN`, `isPrimaryKey`, `isForeignKey`, `columnWidth`, `columnIndex`, `fontSize`, `specialField`, `tempValue`, `isDecoded`, `isIgnoreDefaultValidate`, `datetimeFormat`, `accuracy`, `round`, `align`, `description`, `deleted`, `status`, `remark1`, `remark2`, `remark3`, `remark4`, `remark5`, `createBy`, `createDate`, `modifyBy`, `modifyDate`) VALUES ('13340', '320', '11354', '社保方案3结束时间', 'Social Benefit End Date(3)', NULL, NULL, '14', '100', '13', NULL, '2014-02-01', '2', NULL, '', NULL, NULL, '1', '', '1', '1', '', '', '', '', '', '2', '2014-07-24 14:49:24', '2', '2014-07-24 14:49:24');
INSERT INTO `hro_def_import_detail` (`importDetailId`, `importHeaderId`, `columnId`, `nameZH`, `nameEN`, `isPrimaryKey`, `isForeignKey`, `columnWidth`, `columnIndex`, `fontSize`, `specialField`, `tempValue`, `isDecoded`, `isIgnoreDefaultValidate`, `datetimeFormat`, `accuracy`, `round`, `align`, `description`, `deleted`, `status`, `remark1`, `remark2`, `remark3`, `remark4`, `remark5`, `createBy`, `createDate`, `modifyBy`, `modifyDate`) VALUES ('13341', '320', '11356', '商保方案1', 'Commercial Benefit (1)', NULL, NULL, '14', '100', '13', NULL, '', '2', NULL, '', NULL, NULL, '1', '', '1', '1', '', '', '', '', '', '2', '2014-07-24 14:49:24', '2', '2014-07-24 14:49:24');
INSERT INTO `hro_def_import_detail` (`importDetailId`, `importHeaderId`, `columnId`, `nameZH`, `nameEN`, `isPrimaryKey`, `isForeignKey`, `columnWidth`, `columnIndex`, `fontSize`, `specialField`, `tempValue`, `isDecoded`, `isIgnoreDefaultValidate`, `datetimeFormat`, `accuracy`, `round`, `align`, `description`, `deleted`, `status`, `remark1`, `remark2`, `remark3`, `remark4`, `remark5`, `createBy`, `createDate`, `modifyBy`, `modifyDate`) VALUES ('13342', '320', '11358', '商保方案1结束日期', 'Commercial Benefit End Date(1)', NULL, NULL, '14', '100', '13', NULL, '2014-02-01', '2', NULL, '', NULL, NULL, '1', '', '1', '1', '', '', '', '', '', '2', '2014-07-24 14:49:24', '2', '2014-07-24 14:49:24');
INSERT INTO `hro_def_import_detail` (`importDetailId`, `importHeaderId`, `columnId`, `nameZH`, `nameEN`, `isPrimaryKey`, `isForeignKey`, `columnWidth`, `columnIndex`, `fontSize`, `specialField`, `tempValue`, `isDecoded`, `isIgnoreDefaultValidate`, `datetimeFormat`, `accuracy`, `round`, `align`, `description`, `deleted`, `status`, `remark1`, `remark2`, `remark3`, `remark4`, `remark5`, `createBy`, `createDate`, `modifyBy`, `modifyDate`) VALUES ('13343', '320', '11360', '商保方案2', 'Commercial Benefit (2)', NULL, NULL, '14', '100', '13', NULL, '', '2', NULL, '', NULL, NULL, '1', '', '1', '1', '', '', '', '', '', '2', '2014-07-24 14:49:24', '2', '2014-07-24 14:49:24');
INSERT INTO `hro_def_import_detail` (`importDetailId`, `importHeaderId`, `columnId`, `nameZH`, `nameEN`, `isPrimaryKey`, `isForeignKey`, `columnWidth`, `columnIndex`, `fontSize`, `specialField`, `tempValue`, `isDecoded`, `isIgnoreDefaultValidate`, `datetimeFormat`, `accuracy`, `round`, `align`, `description`, `deleted`, `status`, `remark1`, `remark2`, `remark3`, `remark4`, `remark5`, `createBy`, `createDate`, `modifyBy`, `modifyDate`) VALUES ('13344', '320', '11362', '商保方案2结束日期', 'Commercial Benefit End Date(2)', NULL, NULL, '14', '100', '13', NULL, '2014-02-01', '2', NULL, '', NULL, NULL, '1', '', '1', '1', '', '', '', '', '', '2', '2014-07-24 14:49:24', '2', '2014-07-24 14:49:24');
INSERT INTO `hro_def_import_detail` (`importDetailId`, `importHeaderId`, `columnId`, `nameZH`, `nameEN`, `isPrimaryKey`, `isForeignKey`, `columnWidth`, `columnIndex`, `fontSize`, `specialField`, `tempValue`, `isDecoded`, `isIgnoreDefaultValidate`, `datetimeFormat`, `accuracy`, `round`, `align`, `description`, `deleted`, `status`, `remark1`, `remark2`, `remark3`, `remark4`, `remark5`, `createBy`, `createDate`, `modifyBy`, `modifyDate`) VALUES ('13345', '320', '11344', '社保方案1', 'Social Benefit ID(1)', '0', '0', '14', '10', '13', '0', '', '2', '0', '0', '0', '0', '1', '', '1', '1', '', '', '', '', '', '2', '2014-08-21 13:37:49', '2', '2014-08-21 13:37:49');



# Add by siuvan 2015-01-26
INSERT INTO hro_sys_module VALUES( 1151, 'menu_biz_Employee_Performance_Report', 1, '雇员绩效报表', 'Performance Employee Report', '员工绩效报表', 'Performance Employee Report', 2, 'N/A', 9, 'HRO_BIZ_EMPLOYEE_PERFORMANCE_REPORT', NULL, 'employeeReportAction.do?proc=list_object&rt=performance', 'employeeReportAction.do?proc=list_object&rt=performance', null, null, null, null, null, null, 499, 'menu_employee_Modules', 'menu_employee_Reports', 'menu_biz_Employee_Performance_Report', 1151, '{2:5:28}', NULL, NULL, 1, 1, NULL, NULL, NULL, NULL, NULL, 1, NOW(), 1, NOW());

# Add by siuvan 2015-01-27
------与年假有关的脚本-----------
ALTER TABLE `hro_biz_client_order_leave`
ADD COLUMN `year`  smallint(4) NULL AFTER `cycle`;
ALTER TABLE `hro_biz_employee_contract_leave`
ADD COLUMN `year`  smallint(4) NULL AFTER `cycle`;
INSERT INTO `hro_mgt_item` VALUES (48, 1, NULL, 'KAN048', '法定年假（去年）', 'Legal Annual leave (last year)', 0, 0, 48, 2, 2, 2, 6, 100, 100, 100, 0, 0, 0, 0, 0, 2, NULL, 1, 1, NULL, NULL, NULL, NULL, NULL, '1', '2015-2-2 11:26:21', NULL, '2015-2-2 11:26:24');
INSERT INTO `hro_mgt_item` VALUES (49, 1, NULL, 'KAN049', '福利年假（去年）', 'Benefit Annual leave (last year)', 0, 0, 49, 2, 2, 2, 6, 100, 100, 100, 0, 0, 0, 0, 0, 2, NULL, 1, 1, NULL, NULL, NULL, NULL, NULL, '1', '2015-2-2 11:26:21', NULL, '2015-2-2 11:26:24');

ALTER TABLE `hro_biz_client_order_header`
ADD COLUMN `annualLeaveRuleId`  int(11) NULL AFTER `sickLeaveSalaryId`;
INSERT INTO `hro_sys_module` VALUES (1153, 'menu_salary_AnnualLeave_Rule', 1, '年假规则', 'Annual Leave Rule', '年假规则', 'Annual Leave Rule', 2, 'N/A', 14, 'HRO_SALARY_ANNUALLEAVE_RULE', NULL, 'annualLeaveRuleHeaderAction.do?proc=list_object', 'annualLeaveRuleHeaderAction.do?proc=list_object', '', '', '', '', '', '', 740, 'menu_salary_Modules', 'menu_salary_Configuration', 'menu_salary_AnnualLeave_Rule', 1153, '{1:2:3:4:5}', '', '', 1, 1, NULL, NULL, NULL, NULL, NULL, '1', '2015-2-4 18:38:31', '1', '2015-2-4 18:38:31');

INSERT INTO `hro_def_column` VALUES (9513, 1, NULL, 95, 'year', '年份', '年份', 'Year', 1, 0, 0, 1, 2, 1, 3, 2, 2, 2, '81', '', '', '0', NULL, '0_0', '0_0', 1, 2, '', '', 0, '', '', '', 1, 1, 1, NULL, NULL, NULL, NULL, NULL, '1', '2015-2-9 12:02:31', '1', '2015-2-9 16:44:52');
INSERT INTO `hro_def_column` VALUES (4216, 1, NULL, 42, 'year', '年份', '年份', 'Year', 1, 0, 0, 1, 2, 1, 3, 2, 2, 2, '81', '', '', '0', NULL, '0_0', '0_0', 1, 2, '', '', 0, '', '', '', 1, 1, 1, NULL, NULL, NULL, NULL, NULL, '1', '2015-2-9 12:02:31', '1', '2015-2-9 16:44:52');

CREATE TABLE hro_mgt_annual_leave_rule_header (
	headerId int(11) NOT NULL AUTO_INCREMENT,						# 年假规则主表ID
	accountId int(11) NOT NULL,										# 账户ID
	corpId int(11) DEFAULT NULL,									# 客户ID
	nameZH varchar(200) DEFAULT NULL,								# 名称（中文），必填
  	nameEN varchar(200) DEFAULT NULL,								# 名称（英文）
  	divideType tinyint(4) DEFAULT NULL,								# 折算方式
  	baseOn tinyint(4) DEFAULT NULL,									# 基于，必填（1:入司日期；2:开始工作日期）
  	description varchar(1000) DEFAULT NULL, 
  	deleted tinyint(4) DEFAULT NULL,
  	status tinyint(4) DEFAULT NULL,
  	remark1 varchar(1000) DEFAULT NULL,
  	remark2 varchar(1000) DEFAULT NULL,
  	remark3 varchar(1000) DEFAULT NULL,
  	remark4 varchar(1000) DEFAULT NULL,
  	remark5 varchar(1000) DEFAULT NULL,
  	createBy varchar(25) DEFAULT NULL,
  	createDate datetime DEFAULT NULL,
  	modifyBy varchar(25) DEFAULT NULL,
  	modifyDate datetime DEFAULT NULL,
  	PRIMARY KEY (headerId)
) ENGINE=InnoDB DEFAULT CHARSET=gbk;

CREATE TABLE hro_mgt_annual_leave_rule_detail (
	detailId int(11) NOT NULL AUTO_INCREMENT,						# 年假规则从表ID
  	headerId int(11) NOT NULL,										# 年假规则主表ID
  	rangeFrom tinyint(4) DEFAULT NULL,								# 工作月数（开始），下拉选项（0-120）
  	rangeTo tinyint(4) DEFAULT NULL,								# 工作月数（结束），下拉选项（0-120），必须大于或等于开始
  	positionGradeId int(11)  DEFAULT NULL,							# 对应职级ID
  	legalHours double(8,1) DEFAULT NULL,							# 法定小时数
  	benefitHours double(8,1)DEFAULT NULL,							# 福利小时数
  	description varchar(1000) DEFAULT NULL, 
  	deleted tinyint(4) DEFAULT NULL,
  	status tinyint(4) DEFAULT NULL,
  	remark1 varchar(1000) DEFAULT NULL,
  	remark2 varchar(1000) DEFAULT NULL,
  	remark3 varchar(1000) DEFAULT NULL,
  	remark4 varchar(1000) DEFAULT NULL,
  	remark5 varchar(1000) DEFAULT NULL,
  	createBy varchar(25) DEFAULT NULL,
  	createDate datetime DEFAULT NULL,
  	modifyBy varchar(25) DEFAULT NULL,
  	modifyDate datetime DEFAULT NULL,
  	PRIMARY KEY (detailId)
) ENGINE=InnoDB DEFAULT CHARSET=gbk;

------与年假有关的脚本    End-----------

---年假（续）2015-03-10----

ALTER TABLE `hro_mgt_annual_leave_rule_detail`
DROP COLUMN `rangeFrom`,
DROP COLUMN `rangeTo`,
ADD COLUMN `seniority`  int(4) NULL AFTER `headerId`;

---end 年假（续）2015-03-10----

-- 
## Add siuvan 2015-03-12 iclick 报表
INSERT INTO hro_sys_module VALUES( 1156, 'menu_biz_Employee_Full_Report_2', 1, '雇员完整信息报表（二）', 'Full Employee Info Report (2)', '员工完整信息报表（二）', 'Full Employee Info Report (2)', 2, 'N/A', 9, 'HRO_BIZ_EMPLOYEE_FULL_REPORT_2', NULL, 'employeeReportAction.do?proc=list_object&rt=full&rl=2', 'employeeReportAction.do?proc=list_object&rt=full&rl=2', null, null, null, null, null, null, 499, 'menu_employee_Modules', 'menu_employee_Reports', 'menu_biz_Employee_Full_Report_2', 1156, '{2:5:28}', NULL, NULL, 1, 1, NULL, NULL, NULL, NULL, NULL, 1, NOW(), 1, NOW());
INSERT INTO hro_sys_module VALUES( 1157, 'menu_biz_Employee_Full_Report_3', 1, '雇员完整信息报表（三）', 'Full Employee Info Report (3)', '员工完整信息报表（三）', 'Full Employee Info Report (3)', 2, 'N/A', 9, 'HRO_BIZ_EMPLOYEE_FULL_REPORT_3', NULL, 'employeeReportAction.do?proc=list_object&rt=full&rl=3', 'employeeReportAction.do?proc=list_object&rt=full&rl=3', null, null, null, null, null, null, 499, 'menu_employee_Modules', 'menu_employee_Reports', 'menu_biz_Employee_Full_Report_3', 1157, '{2:5:28}', NULL, NULL, 1, 1, NULL, NULL, NULL, NULL, NULL, 1, NOW(), 1, NOW());

## 英文系统消息过长
ALTER TABLE `hro_message_info`
MODIFY COLUMN `content`  text CHARACTER SET gbk COLLATE gbk_chinese_ci NULL AFTER `templateId`;

--

---------- 2015-03-17------------
--年假改动
ALTER TABLE `hro_biz_client_order_header`
DROP COLUMN `annualLeaveRuleId`;

ALTER TABLE `hro_biz_client_order_leave`
ADD COLUMN `annualLeaveRuleId`  int(11) NULL AFTER `itemId`;

INSERT INTO `hro_def_column` VALUES (9614, 1, NULL, 95, 'annualLeaveRuleId', '年假规则', '年假规则', 'Annual Leave Rules', 1, 2, 2, 2, 2, 1, 2, 2, 2, 2, '82', '', '', '0', NULL, '0_0', '0_0', 1, 2, '', '', 0, '', '', '', 2, 1, 1, NULL, NULL, NULL, NULL, NULL, '1', '2015-3-17 17:03:00', '1', '2015-3-17 17:03:00');
---------- end 2015-03-17------------

------------------------- 2015-03-30------------
# 消息模板参数
INSERT INTO `hro_sys_constant` VALUES (501, 1, '[请假]请假申请人（中文）', '[Leave]Applicant (Chinese)', 1, 'employeeNameZH', 0, 3, '', 2, '', 1, 1, NULL, NULL, '1', '2015-3-25 13:25:46', '1', '2015-3-25 13:25:46');
INSERT INTO `hro_sys_constant` VALUES (503, 1, '[请假]请假申请人（英文）', '[Leave]Applicant (English)', 1, 'employeeNameEN', 0, 3, '', 2, '', 1, 1, NULL, NULL, '1', '2015-3-25 13:25:46', '1', '2015-3-25 13:25:46');
INSERT INTO `hro_sys_constant` VALUES (505, 1, '[请假]请假类别（中文）', '[Leave]Leave Type (Chinese)', 1, 'itemNameZH', 0, 3, '', 2, '', 1, 1, NULL, NULL, '1', '2015-3-25 13:26:55', '1', '2015-3-25 13:26:55');
INSERT INTO `hro_sys_constant` VALUES (507, 1, '[请假]请假类别（英文）', '[Leave]Leave Type  (English)', 1, 'itemNameEN', 0, 3, '', 2, '', 1, 1, NULL, NULL, '1', '2015-3-25 13:26:55', '1', '2015-3-25 13:26:55');
INSERT INTO `hro_sys_constant` VALUES (509, 1, '[请假]请假开始时间', '[Leave]Start Date', 1, 'estimateStartDate', 0, 3, '', 2, '', 1, 1, NULL, NULL, '1', '2015-3-25 13:27:52', '1', '2015-3-27 12:06:11');
INSERT INTO `hro_sys_constant` VALUES (511, 1, '[请假]请假结束时间', '[Leave]End Date', 1, 'estimateEndDate', 0, 3, '', 2, '', 1, 1, NULL, NULL, '1', '2015-3-25 13:28:21', '1', '2015-3-27 12:06:25');
INSERT INTO `hro_sys_constant` VALUES (513, 1, '[请假]请假小时数', '[Leave]Hours', 1, 'useHours', 0, 3, '', 1, '', 1, 1, NULL, NULL, '1', '2015-3-25 13:29:39', '1', '2015-3-25 13:29:53');
INSERT INTO `hro_sys_constant` VALUES (551, 1, '[加班]加班申请人（中文）', '[Overtime]Applicant (Chinese)', 1, 'employeeNameZH', 0, 3, '', 2, '', 1, 1, NULL, NULL, '1', '2015-3-27 12:05:31', '1', '2015-3-27 12:05:31');
INSERT INTO `hro_sys_constant` VALUES (553, 1, '[加班]加班申请人（英文）', '[Overtime]Applicant (English)', 1, 'employeeNameEN', 0, 3, '', 2, '', 1, 1, NULL, NULL, '1', '2015-3-27 12:05:31', '1', '2015-3-27 12:05:31');
INSERT INTO `hro_sys_constant` VALUES (555, 1, '[加班]加班开始时间', '[Overtime]Start Date', 1, 'estimateStartDate', 0, 3, '', 2, '', 1, 1, NULL, NULL, '1', '2015-3-27 12:07:06', '1', '2015-3-27 12:09:38');
INSERT INTO `hro_sys_constant` VALUES (557, 1, '[加班]加班结束时间', '[Overtime]End Date', 1, 'estimateEndDate', 0, 3, '', 2, '', 1, 1, NULL, NULL, '1', '2015-3-27 12:07:40', '1', '2015-3-27 12:09:27');
INSERT INTO `hro_sys_constant` VALUES (559, 1, '[加班]加班小时数', '[Overtime]Overtime Hours', 1, 'specialOTHours', 0, 3, '', 2, '', 1, 1, NULL, NULL, '1', '2015-3-27 12:09:04', '1', '2015-3-27 12:09:18');
INSERT INTO `hro_sys_constant` VALUES (561, 1, '[加班]加班明细', '[Overtime]Overtime Details', 1, 'description', 0, 3, '', 2, '', 1, 1, NULL, NULL, '1', '2015-3-27 12:09:04', '1', '2015-3-27 12:09:18');
INSERT INTO `hro_sys_constant` VALUES (601, 1, '[劳动合同/调薪/异动]员工姓名（中文）', '[Labor Contract / Adj Salary / Position Change]Employee Name (Chinese)', 1, 'employeeNameZH', 0, 3, '', 2, '', 1, 1, NULL, NULL, '1', '2015-3-27 12:11:26', '1', '2015-3-27 12:11:26');
INSERT INTO `hro_sys_constant` VALUES (603, 1, '[劳动合同/调薪/异动]员工姓名（英文）', '[Labor Contract / Adj Salary / Position Change]Employee Name (English)', 1, 'employeeNameEN', 0, 3, '', 2, '', 1, 1, NULL, NULL, '1', '2015-3-27 12:11:26', '1', '2015-3-27 12:11:26');
INSERT INTO `hro_sys_constant` VALUES (605, 1, '[劳动合同]BU/Function', '[Labor Contract]BU/Function', 1, 'parentBranchName', 0, 3, '', 2, '', 1, 1, NULL, NULL, '1', '2015-3-27 12:10:45', '1', '2015-3-27 12:10:45');
INSERT INTO `hro_sys_constant` VALUES (607, 1, '[劳动合同]Department', '[Labor Contract]Department', 1, 'decode_tempBranchIds', 0, 3, '', 2, '', 1, 1, NULL, NULL, '1', '2015-3-27 12:10:45', '1', '2015-3-27 12:10:45');
INSERT INTO `hro_sys_constant` VALUES (609, 1, '[劳动合同]直接汇报线', '[Labor Contract]Direct Report Manager (People Manager)', 1, 'lineManager', 0, 3, '', 2, '', 1, 1, NULL, NULL, '1', '2015-3-27 12:11:26', '1', '2015-3-27 12:11:26');
INSERT INTO `hro_sys_constant` VALUES (611, 1, '[劳动合同]到职日期', '[Labor Contract]Employment Date', 1, 'startDate', 0, 3, '', 2, '', 1, 1, NULL, NULL, '1', '2015-3-27 12:11:26', '1', '2015-3-27 12:11:26');
INSERT INTO `hro_sys_constant` VALUES (613, 1, '[劳动合同]离职日期', '[Labor Contract]Date of departure', 1, 'resignDate', 0, 3, '', 2, '', 1, 1, NULL, NULL, '1', '2015-3-27 12:11:26', '1', '2015-3-27 12:11:26');
INSERT INTO `hro_sys_constant` VALUES (651, 1, '[调薪]薪资科目（中文）', '[Adj Salary]Salary Item (Chinese)', 1, 'itemNameZH', 0, 3, '', 2, '', 1, 1, NULL, NULL, '1', '2015-3-27 12:11:26', '1', '2015-3-27 12:11:26');
INSERT INTO `hro_sys_constant` VALUES (653, 1, '[调薪]薪资科目（英文）', '[Adj Salary]Salary Item (English)', 1, 'itemNameEN', 0, 3, '', 2, '', 1, 1, NULL, NULL, '1', '2015-3-27 12:11:26', '1', '2015-3-27 12:11:26');
INSERT INTO `hro_sys_constant` VALUES (655, 1, '[调薪]调薪前工资', '[Adj Salary]Before Salary', 1, 'oldBase', 0, 3, '', 2, '', 1, 1, NULL, NULL, '1', '2015-3-27 12:11:26', '1', '2015-3-27 12:11:26');
INSERT INTO `hro_sys_constant` VALUES (657, 1, '[调薪]调薪前工资生效时间', '[Adj Salary]Before Salary Start Date', 1, 'oldStartDate', 0, 3, '', 2, '', 1, 1, NULL, NULL, '1', '2015-3-27 12:11:26', '1', '2015-3-27 12:11:26');
INSERT INTO `hro_sys_constant` VALUES (659, 1, '[调薪]调薪前工资失效时间', '[Adj Salary]Before Salary Ebd Date', 1, 'oldEndDate', 0, 3, '', 2, '', 1, 1, NULL, NULL, '1', '2015-3-27 12:11:26', '1', '2015-3-27 12:11:26');
INSERT INTO `hro_sys_constant` VALUES (661, 1, '[调薪]调薪后工资', '[Adj Salary]After Salary', 1, 'newBase', 0, 3, '', 2, '', 1, 1, NULL, NULL, '1', '2015-3-27 12:11:26', '1', '2015-3-27 12:11:26');
INSERT INTO `hro_sys_constant` VALUES (663, 1, '[调薪]调薪后工资生效时间', '[Adj Salary]After Salary Start Date', 1, 'newStartDate', 0, 3, '', 2, '', 1, 1, NULL, NULL, '1', '2015-3-27 12:11:26', '1', '2015-3-27 12:11:26');
INSERT INTO `hro_sys_constant` VALUES (665, 1, '[调薪]调薪后工资失效时间', '[Adj Salary]After Salary Ebd Date', 1, 'newEndDate', 0, 3, '', 2, '', 1, 1, NULL, NULL, '1', '2015-3-27 12:11:26', '1', '2015-3-27 12:11:26');
INSERT INTO `hro_sys_constant` VALUES (701, 1, '[异动/升迁]异动类别', '[Position Change]Change Type', 1, 'decodePositionChangeType', 0, 3, '', 2, '', 1, 1, NULL, NULL, '1', '2015-3-27 12:11:26', '1', '2015-3-27 12:11:26');
INSERT INTO `hro_sys_constant` VALUES (703, 1, '[异动/升迁]原部门名', '[Position Change]Old Department Name', 1, 'oldBranchNameZH', 0, 3, '', 2, '', 1, 1, NULL, NULL, '1', '2015-3-27 12:11:26', '1', '2015-3-27 12:11:26');
INSERT INTO `hro_sys_constant` VALUES (705, 1, '[异动/升迁]原职位名', '[Position Change]Old Parent Position Name', 1, 'oldPositionNameZH', 0, 3, '', 2, '', 1, 1, NULL, NULL, '1', '2015-3-27 12:11:26', '1', '2015-3-27 12:11:26');
INSERT INTO `hro_sys_constant` VALUES (707, 1, '[异动/升迁]新部门名', '[Position Change]New Department Name', 1, 'newBranchNameZH', 0, 3, '', 2, '', 1, 1, NULL, NULL, '1', '2015-3-27 12:11:26', '1', '2015-3-27 12:11:26');
INSERT INTO `hro_sys_constant` VALUES (709, 1, '[异动/升迁]新职位名', '[Position Change]New Parent Position Name', 1, 'newPositionNameZH', 0, 3, '', 2, '', 1, 1, NULL, NULL, '1', '2015-3-27 12:11:26', '1', '2015-3-27 12:11:26');

------------------------- end 2015-03-30------------

------ 2015-03-31
ALTER TABLE `hro_biz_employee_contract_resign`
ADD COLUMN `leaveReasons`  varchar(1000) NULL AFTER `resignDate`;
INSERT INTO `hro_def_column` (`columnId`, `accountId`, `corpId`, `tableId`, `nameDB`, `nameSys`, `nameZH`, `nameEN`, `groupId`, `isPrimaryKey`, `isForeignKey`, `isDBColumn`, `isRequired`, `displayType`, `columnIndex`, `inputType`, `valueType`, `optionType`, `optionValue`, `cssStyle`, `jsEvent`, `validateType`, `validateRequired`, `validateLength`, `validateRange`, `editable`, `useThinking`, `thinkingId`, `thinkingAction`, `useTitle`, `titleZH`, `titleEN`, `description`, `canImport`, `deleted`, `status`, `remark1`, `remark2`, `remark3`, `remark4`, `remark5`, `createBy`, `createDate`, `modifyBy`, `modifyDate`) VALUES ('11363', '1', NULL, '117', 'leaveReasons', '离职原因', '离职原因', 'leaveReasons', '1', '2', '0', '1', '2', '1', '100', '1', '2', '0', '', '', '', '0', '', '0_0', '0_0', '1', '2', '', '', '0', '', '', '', '1', '1', '1', '', '', '', '', NULL, '1', '2015-01-15 00:00:00', '1', '2015-01-15 00:00:00');
------ end 2015-03-31

-------------------2015-04-02

ALTER TABLE `hro_biz_employee_contract_resign`
ADD COLUMN `lastWorkDate`  datetime NULL AFTER `leaveReasons`;
INSERT INTO `hro_def_column` (`columnId`, `accountId`, `corpId`, `tableId`, `nameDB`, `nameSys`, `nameZH`, `nameEN`, `groupId`, `isPrimaryKey`, `isForeignKey`, `isDBColumn`, `isRequired`, `displayType`, `columnIndex`, `inputType`, `valueType`, `optionType`, `optionValue`, `cssStyle`, `jsEvent`, `validateType`, `validateRequired`, `validateLength`, `validateRange`, `editable`, `useThinking`, `thinkingId`, `thinkingAction`, `useTitle`, `titleZH`, `titleEN`, `description`, `canImport`, `deleted`, `status`, `remark1`, `remark2`, `remark3`, `remark4`, `remark5`, `createBy`, `createDate`, `modifyBy`, `modifyDate`) VALUES ('11364', '1', NULL, '117', 'lastWorkDate', '最后工作日期', '最后工作日期', 'lastWorkDate', '1', '2', '0', '1', '2', '1', '100', '1', '3', '0', '', '', '', '0', '', '0_0', '0_0', '1', '2', '', '', '0', '', '', '', '1', '1', '1', '', '', '', '', NULL, '1', '2015-01-15 00:00:00', '1', '2015-01-15 00:00:00');


-------------------end 2015-04-02

--------------2015-04-07
ALTER TABLE `hro_biz_employee_contract_leave_temp`
ADD COLUMN `year`  smallint(4) NULL AFTER `cycle`;
--------------2015-04-09
INSERT INTO `hro_mgt_item` VALUES (50, 1, NULL, 'KAN050', '婚假', 'Marriage holiday', 0, 0, 50, 2, 2, 1, 6, 100, 100, 100, 0, 0, 0, 0, 0, 2, '', 1, 1, NULL, NULL, NULL, NULL, NULL, '331', '2015-1-6 14:11:12', '331', '2015-1-6 14:14:26');



------------- 2015-04-15 this

INSERT INTO `hro_sys_constant` VALUES (423, 1, '调整给', 'To Adjustment', 4, 'toAdjustment', 1, 1, NULL, 1, NULL, 1, 1, NULL, NULL, '1', '2015-4-14 18:45:11', '1', '2015-4-14 18:45:16');
-----------------------